workload,rep,seconds,total_acq,slowpath
stressng_dentry,1,16.993,147801458,7377518
stressng_dentry,2,17.048,147588763,7530079
stressng_dentry,3,17.059,146009036,7784125
perf_epoll_wait,1,16.130,56679329,353745
perf_epoll_wait,2,16.118,55568559,320665
perf_epoll_wait,3,16.128,56013030,460533
hackbench_pipe_thr,1,5.778,46600402,3173112
hackbench_pipe_thr,2,5.836,46488501,3155204
hackbench_pipe_thr,3,5.833,46596797,3165973
sysbench_mutex,1,4.792,811522,86538
sysbench_mutex,2,4.899,848766,108784
sysbench_mutex,3,4.749,756762,86239
ebizzy_mmap,1,15.056,47816632,284186
ebizzy_mmap,2,15.050,44607887,275512
ebizzy_mmap,3,15.054,41385568,217709
dbench_16,1,18.138,18293116,141918
dbench_16,2,18.123,18325073,138530
dbench_16,3,18.133,18325626,138350
fsmark_tmpfs,1,5.401,19834593,334730
fsmark_tmpfs,2,6.039,19803410,322130
fsmark_tmpfs,3,5.777,19746279,325677
wis_mmap2,1,21.248,8671336,124057
wis_mmap2,2,21.134,7180695,89270
wis_mmap2,3,21.154,7117797,93597
schbench,1,15.076,1920401,4254
schbench,2,15.064,1835224,4101
schbench,3,15.053,1827637,4045
nhextend_full,1,8.040,10759600,158425
nhextend_full,2,8.037,10696620,155828
nhextend_full,3,8.028,10760629,160044
parsec_dedup,1,0.005,4073,0
parsec_dedup,2,0.006,4879,1
parsec_dedup,3,0.007,5251,2
parsec_vips,1,0.006,4844,4
parsec_vips,2,0.022,6004,25
parsec_vips,3,0.005,4332,0
parsec_ferret,1,0.006,4920,1
parsec_ferret,2,0.005,4586,5
parsec_ferret,3,0.006,4888,0
parsec_bodytrack,1,0.012,4859,14
parsec_bodytrack,2,0.006,4909,1
parsec_bodytrack,3,0.005,4235,0
parsec_swaptions,1,0.005,4467,1
parsec_swaptions,2,0.006,4905,1
parsec_swaptions,3,0.005,4120,0
parsec_blackscholes,1,0.006,4953,0
parsec_blackscholes,2,0.007,5434,5
parsec_blackscholes,3,0.006,4976,0
