workload,arm,rep,perf,dur_s,wall_ns,wait_events,halt_cyc,halt_cyc_t2,t2_fired,bypass_fired,evict_marked
hackbench_pipe_thr,pv,1,59.7657,16.768,64972676770,3315495,45822116904,0,0,0,0
hackbench_pipe_thr,t2@500us,1,59.4036,16.859,66037550691,3333826,75241752486,10637681718,286308,0,0
hackbench_pipe_thr,t2@1ms,1,59.5167,16.831,65032312629,3295528,61183711012,5385926308,64883,0,0
hackbench_pipe_thr,t2@2ms,1,58.9206,16.993,66431274635,3338288,47559445470,641069882,12746,0,0
hackbench_pipe_thr,hbskip@500us,1,58.1734,17.216,67008510792,3129573,42298557286,0,0,1129,932
hackbench_pipe_thr,hbskip@1ms,1,57.9307,17.293,67799880878,3137711,44678426152,0,0,760,322
hackbench_pipe_thr,hbskip@2ms,1,58.5103,17.109,67885403466,3218943,47465414486,0,0,53,11
hackbench_pipe_thr,all@500us,1,57.6934,17.350,67010677031,3119685,70977973128,11367660428,320409,1167,430
hackbench_pipe_thr,all@1ms,1,57.7801,17.321,67807973125,3171803,60452948524,5281369642,65277,780,263
hackbench_pipe_thr,all@2ms,1,57.3822,17.445,68280899468,3192726,48824183408,642798436,16662,61,11
hackbench_pipe_thr,t2@500us,2,58.4522,17.124,67017874475,3318659,75410991910,11235606956,295579,0,0
hackbench_pipe_thr,t2@1ms,2,58.8755,17.004,66452598312,3285534,63297384534,5549704410,60467,0,0
hackbench_pipe_thr,t2@2ms,2,57.7001,17.353,67768876955,3296735,47548655446,626294092,18499,0,0
hackbench_pipe_thr,hbskip@500us,2,57.8369,17.296,67392420274,3031648,42138888868,0,0,1091,865
hackbench_pipe_thr,hbskip@1ms,2,56.7472,17.668,70428846098,3110752,46301113742,0,0,817,326
hackbench_pipe_thr,hbskip@2ms,2,57.7301,17.343,67935889929,3161587,47313820852,0,0,53,12
hackbench_pipe_thr,all@500us,2,58.0417,17.257,67378601357,3081258,73586095374,11439386484,313103,1176,372
hackbench_pipe_thr,all@1ms,2,57.7334,17.335,67156221152,3080777,59842077678,5558983504,63208,744,268
hackbench_pipe_thr,all@2ms,2,58.9936,16.966,66324377736,3180213,47785117420,690164912,22016,49,17
hackbench_pipe_thr,pv,2,58.7855,17.029,67405513157,3312225,46771003424,0,0,0,0
hackbench_pipe_thr,t2@1ms,3,59.6908,16.760,65085726740,3157056,62065904786,5584837274,65448,0,0
hackbench_pipe_thr,t2@2ms,3,58.7889,17.030,67268435042,3243708,48298949372,689171184,19908,0,0
hackbench_pipe_thr,hbskip@500us,3,57.7667,17.356,68579237484,3105806,43153122126,0,0,1130,904
hackbench_pipe_thr,hbskip@1ms,3,57.7601,17.328,69716025326,3109893,46055675218,0,0,744,341
hackbench_pipe_thr,hbskip@2ms,3,58.5617,17.087,67521168339,3176041,46718178320,0,0,56,14
hackbench_pipe_thr,all@500us,3,59.1821,16.918,66546653872,3063876,71761214262,11320873936,308999,1099,374
hackbench_pipe_thr,all@1ms,3,59.1681,16.915,66869321766,3078558,60840470040,5732886308,64245,757,233
hackbench_pipe_thr,all@2ms,3,58.3090,17.166,68700751368,3158580,50025151602,773809688,22423,49,14
hackbench_pipe_thr,pv,3,59.4212,16.836,66535752693,3300238,46301731092,0,0,0,0
hackbench_pipe_thr,t2@500us,3,60.3100,16.606,64470423749,3253917,73439971110,10667490218,279640,0,0
ebizzy_mmap,pv,1,916.0000,15.076,3711954060,157166,360143938,0,0,0,0
ebizzy_mmap,t2@500us,1,925.0000,15.067,3186763758,157740,3035167902,683689688,21470,0,0
ebizzy_mmap,t2@1ms,1,914.0000,15.067,3830274567,157085,2479792420,489259232,8969,0,0
ebizzy_mmap,t2@2ms,1,915.0000,15.067,3539450554,155584,636910168,115897688,4133,0,0
ebizzy_mmap,hbskip@500us,1,902.0000,15.075,3993653161,181152,792371494,0,0,120,75
ebizzy_mmap,hbskip@1ms,1,913.0000,15.113,3443148948,157438,448541234,0,0,82,29
ebizzy_mmap,hbskip@2ms,1,891.0000,15.073,3417909112,153612,811217428,0,0,5,3
ebizzy_mmap,all@500us,1,906.0000,15.060,2865255997,156140,2976773604,423395278,14170,95,13
ebizzy_mmap,all@1ms,1,1054.0000,15.064,1977481449,212960,1196531112,113480428,3207,25,7
ebizzy_mmap,all@2ms,1,1101.0000,15.067,1570668693,229708,616634784,37112374,1657,2,0
ebizzy_mmap,t2@500us,2,1095.0000,15.071,1482538136,228016,1030103898,113188942,4491,0,0
ebizzy_mmap,t2@1ms,2,1104.0000,15.072,1759549575,234623,1367818506,107256902,4079,0,0
ebizzy_mmap,t2@2ms,2,1061.0000,15.070,1705656651,214477,1167916484,27756806,1090,0,0
ebizzy_mmap,hbskip@500us,2,763.0000,15.074,1248308848,102673,1595623014,0,0,60,12
ebizzy_mmap,hbskip@1ms,2,858.0000,15.090,2541180910,141741,1657358020,0,0,45,17
ebizzy_mmap,hbskip@2ms,2,865.0000,15.059,2409548058,143822,1525154608,0,0,0,0
ebizzy_mmap,all@500us,2,887.0000,15.072,2816618674,145580,2632664762,340503762,7703,111,8
ebizzy_mmap,all@1ms,2,900.0000,15.062,3081950387,146960,2765362708,242270450,2691,80,6
ebizzy_mmap,all@2ms,2,900.0000,15.071,2751643771,146412,1934795734,23844786,856,1,1
ebizzy_mmap,pv,2,914.0000,15.068,2980543174,154149,1850807412,0,0,0,0
ebizzy_mmap,t2@1ms,3,912.0000,15.066,2888212431,150542,2819619842,215200914,2447,0,0
ebizzy_mmap,t2@2ms,3,912.0000,15.065,3002056589,151439,1791031506,38773104,1509,0,0
ebizzy_mmap,hbskip@500us,3,913.0000,15.070,2910666559,150814,1611402734,0,0,95,44
ebizzy_mmap,hbskip@1ms,3,912.0000,15.061,3503942961,154794,2009050816,0,0,91,23
ebizzy_mmap,hbskip@2ms,3,906.0000,15.068,3393437620,152709,1756671656,0,0,2,2
ebizzy_mmap,all@500us,3,897.0000,15.068,3351162919,148837,3771375852,512564276,13956,105,5
ebizzy_mmap,all@1ms,3,911.0000,15.075,3187744671,152311,3150456410,261711966,3417,76,8
ebizzy_mmap,all@2ms,3,902.0000,15.078,3476617491,151639,2070592992,66768392,2454,4,2
ebizzy_mmap,pv,3,910.0000,15.064,3424983614,154476,2189631370,0,0,0,0
ebizzy_mmap,t2@500us,3,909.0000,15.074,3274560008,153035,3957268264,462022790,11007,0,0
ebizzy_mmap,t2@2ms,4,906.0000,15.060,3364721300,153372,2198907274,67322900,2743,0,0
ebizzy_mmap,hbskip@500us,4,901.0000,15.072,3067778587,151155,1973383172,0,0,94,38
ebizzy_mmap,hbskip@1ms,4,904.0000,15.076,3545179867,152940,2479326626,0,0,74,29
ebizzy_mmap,hbskip@2ms,4,908.0000,15.071,3161872851,151939,2416002656,0,0,2,2
ebizzy_mmap,all@500us,4,906.0000,15.054,2951911296,149026,3323673294,333516476,10416,82,8
ebizzy_mmap,all@1ms,4,916.0000,15.071,3395390151,156094,3403264432,269534368,4461,89,10
ebizzy_mmap,all@2ms,4,913.0000,15.063,3383997988,154867,2084053084,79670538,3299,8,3
ebizzy_mmap,pv,4,917.0000,15.080,3198438437,156181,1910119940,0,0,0,0
ebizzy_mmap,t2@500us,4,901.0000,15.096,3626206141,155891,4266546466,655786908,19037,0,0
ebizzy_mmap,t2@1ms,4,901.0000,15.069,3438810871,153718,3309307292,363951742,6142,0,0
ebizzy_mmap,hbskip@500us,5,896.0000,15.075,3627608487,151937,1641253672,0,0,106,39
ebizzy_mmap,hbskip@1ms,5,907.0000,15.067,3609901678,156741,1631196514,0,0,94,18
ebizzy_mmap,hbskip@2ms,5,911.0000,15.064,3531968341,158854,1527317494,0,0,8,3
ebizzy_mmap,all@500us,5,895.0000,15.065,3321115927,149787,3343880434,608395966,19559,111,16
ebizzy_mmap,all@1ms,5,900.0000,15.092,3980527415,179724,3020788928,472084160,7337,105,13
ebizzy_mmap,all@2ms,5,911.0000,15.069,3823479323,189066,1396105698,78935644,3072,3,1
ebizzy_mmap,pv,5,1175.0000,15.074,3150878105,250988,476954474,0,0,0,0
ebizzy_mmap,t2@500us,5,1259.0000,15.065,2769109590,283476,2494458674,356892828,12964,0,0
ebizzy_mmap,t2@1ms,5,1287.0000,15.065,2948714657,291585,1382086070,285331274,3660,0,0
ebizzy_mmap,t2@2ms,5,1209.0000,15.067,2761186917,261919,360007454,50615366,1909,0,0
dbench_16,pv,1,243.4740,18.160,6577839966,88261,1848192844,0,0,0,0
dbench_16,t2@500us,1,232.3880,18.158,5995495971,84288,4229869504,327014198,10711,0,0
dbench_16,t2@1ms,1,231.9580,18.158,5708830044,83790,2943797592,213826466,3029,0,0
dbench_16,t2@2ms,1,236.3680,18.164,6255313662,86519,1493521710,111655416,4016,0,0
dbench_16,hbskip@500us,1,235.9620,18.132,6151136326,86441,848039048,0,0,39,51
dbench_16,hbskip@1ms,1,228.9230,18.133,6730024570,112484,1335132148,0,0,38,43
dbench_16,hbskip@2ms,1,229.8290,18.155,5829527816,82610,863577626,0,0,1,3
dbench_16,all@500us,1,235.4400,18.156,5725963408,117429,3564745862,298271738,9265,32,11
dbench_16,all@1ms,1,229.5690,18.168,5817210518,82787,2890105328,223248800,3001,33,12
dbench_16,all@2ms,1,229.6500,18.159,6046000879,83936,1383657470,93272578,3297,1,8
dbench_16,t2@500us,2,236.1100,18.156,6035358992,86517,4122434246,369181548,11934,0,0
dbench_16,t2@1ms,2,237.3390,18.151,6383416575,86930,3479672144,240529660,3266,0,0
dbench_16,t2@2ms,2,234.5410,18.162,5971496272,85715,1466871338,83329824,2671,0,0
dbench_16,hbskip@500us,2,239.9340,18.159,6181232295,87297,1162739036,0,0,35,51
dbench_16,hbskip@1ms,2,240.6080,18.175,5959229023,86546,781408710,0,0,28,39
dbench_16,hbskip@2ms,2,233.8160,18.155,5849775596,86279,1023053188,0,0,2,7
dbench_16,all@500us,2,235.2400,18.155,5663385565,85396,3297049034,323300514,10216,29,14
dbench_16,all@1ms,2,233.2370,18.196,5869023648,115907,3192489052,179608956,4520,37,7
dbench_16,all@2ms,2,235.7620,18.159,5709523220,108034,1841152942,42196920,1352,1,1
dbench_16,pv,2,233.3970,18.133,5441358733,91034,1097469416,0,0,0,0
dbench_16,t2@1ms,3,230.2680,18.182,5930030538,115316,3263559252,194768008,3827,0,0
dbench_16,t2@2ms,3,234.7150,18.152,5760968552,88563,1442312530,67509648,1818,0,0
dbench_16,hbskip@500us,3,233.0590,18.152,5524142540,126260,1210509442,0,0,28,28
dbench_16,hbskip@1ms,3,227.8060,18.162,4659410144,84973,845109888,0,0,16,8
dbench_16,hbskip@2ms,3,227.5560,18.167,4452953659,109106,1139358168,0,0,2,0
dbench_16,all@500us,3,228.5050,18.151,3805937195,86336,745137672,48284700,2390,3,3
dbench_16,all@1ms,3,229.1600,18.172,4401951270,111364,1481509022,69722068,1686,12,6
dbench_16,all@2ms,3,227.5230,18.146,4166214305,111423,606578424,27220088,1000,0,0
dbench_16,pv,3,231.3680,18.129,4019670705,86250,531836176,0,0,0,0
dbench_16,t2@500us,3,228.5630,18.170,4302026081,109166,1677758596,90609032,3792,0,0
dbench_16,t2@2ms,4,228.0500,18.170,3587612529,81316,305234220,33414716,1073,0,0
dbench_16,hbskip@500us,4,231.8640,18.126,3668436356,83815,404475824,0,0,10,3
dbench_16,hbskip@1ms,4,229.5230,18.172,4043395438,85100,476096910,0,0,10,8
dbench_16,hbskip@2ms,4,230.0000,18.158,4302497881,82954,499582622,0,0,1,3
dbench_16,all@500us,4,231.5700,18.153,4228213252,84855,1437344864,117054342,4151,12,4
dbench_16,all@1ms,4,231.6290,18.158,4091456555,83604,1003321276,37536852,1284,7,2
dbench_16,all@2ms,4,232.0720,18.133,3957060146,86173,605827998,13085646,351,0,1
dbench_16,pv,4,231.5130,18.084,4265017681,83550,741407166,0,0,0,0
dbench_16,t2@500us,4,232.6450,18.154,4455575292,83867,1804264102,119686110,4666,0,0
dbench_16,t2@1ms,4,222.7310,18.156,9254100067,84227,8646306702,523019256,3936,0,0
dbench_16,hbskip@500us,5,222.4680,18.165,8784894021,82576,3462534756,0,0,74,94
dbench_16,hbskip@1ms,5,215.0470,18.162,13407468747,101675,10608256280,0,0,204,95
dbench_16,hbskip@2ms,5,207.9630,18.159,11384419932,130086,7056880608,0,0,4,0
dbench_16,all@500us,5,206.5650,18.164,8228513284,69418,8479407874,819959020,15105,161,19
dbench_16,all@1ms,5,231.7320,18.180,9621843529,87010,8799945454,410204712,4033,121,19
dbench_16,all@2ms,5,231.3060,18.164,8523163398,90389,4962101090,49623484,1265,5,6
dbench_16,pv,5,233.1010,18.156,6938293773,89700,3015828360,0,0,0,0
dbench_16,t2@500us,5,233.5040,18.159,6613145190,90558,5033476840,400498636,9634,0,0
dbench_16,t2@1ms,5,232.6320,18.134,6131315120,89970,4037369334,175323904,1494,0,0
dbench_16,t2@2ms,5,234.9400,18.177,5711052024,86253,1881272066,25865192,635,0,0
sysbench_mutex,pv,1,175.4478,5.741,174512776,118748,192460358,0,0,0,0
sysbench_mutex,t2@500us,1,172.6102,5.855,123826971,132830,108475786,17285618,19,0,0
sysbench_mutex,t2@1ms,1,171.1860,5.910,180730197,123829,194587892,5913416,11,0,0
sysbench_mutex,t2@2ms,1,171.7888,5.888,109701029,114798,107491038,0,0,0,0
sysbench_mutex,hbskip@500us,1,172.0134,5.874,248111680,113151,265782730,0,0,10,4
sysbench_mutex,hbskip@1ms,1,172.8310,5.843,87318518,113808,63811268,0,0,0,2
sysbench_mutex,hbskip@2ms,1,171.5854,5.873,141348918,111891,123303960,0,0,0,0
sysbench_mutex,all@500us,1,172.2861,5.862,113268134,116897,99637846,19082458,37,5,1
sysbench_mutex,all@1ms,1,170.6019,5.899,174840875,115349,188989224,16731850,7,5,1
sysbench_mutex,all@2ms,1,170.5350,5.896,100976893,118151,71580094,0,0,0,0
sysbench_mutex,t2@500us,2,170.0970,5.922,174634654,122657,180892568,16950056,27,0,0
sysbench_mutex,t2@1ms,2,174.0220,5.816,93634631,107076,58137102,3437368,4,0,0
sysbench_mutex,t2@2ms,2,170.4768,5.910,239192309,131911,252156664,0,0,0,0
sysbench_mutex,hbskip@500us,2,171.2915,5.882,147969116,115071,130299536,0,0,5,2
sysbench_mutex,hbskip@1ms,2,171.7977,5.868,156217363,112440,155561220,0,0,4,1
sysbench_mutex,hbskip@2ms,2,170.7767,5.905,198307118,129836,208588134,0,0,0,0
sysbench_mutex,all@500us,2,171.5972,5.879,146641906,126160,137270706,19476280,61,3,2
sysbench_mutex,all@1ms,2,171.0601,5.911,183349484,128110,192624944,9220890,9,4,3
sysbench_mutex,all@2ms,2,172.7802,5.852,158872125,117045,166209962,3043868,2,1,0
sysbench_mutex,pv,2,171.3767,5.913,145814578,144454,137440666,0,0,0,0
sysbench_mutex,t2@1ms,3,172.8579,5.830,173115574,127148,183454892,1353916,7,0,0
sysbench_mutex,t2@2ms,3,172.2534,5.885,148373377,136120,128357506,0,0,0,0
sysbench_mutex,hbskip@500us,3,170.9343,5.936,167831340,170014,123787546,0,0,4,3
sysbench_mutex,hbskip@1ms,3,171.2094,5.909,202302559,153152,178351074,0,0,6,3
sysbench_mutex,hbskip@2ms,3,172.9805,5.845,131719145,144391,110587418,0,0,0,0
sysbench_mutex,all@500us,3,172.7951,5.848,105431909,147233,84906880,13194466,11,3,1
sysbench_mutex,all@1ms,3,172.5834,5.863,124503667,145752,95624256,3677478,6,2,2
sysbench_mutex,all@2ms,3,172.4257,5.884,186271079,155726,199308316,0,0,0,0
sysbench_mutex,pv,3,172.8848,5.851,147342183,148961,113474784,0,0,0,0
sysbench_mutex,t2@500us,3,173.2592,5.850,167447787,137935,156476858,11561120,36,0,0
sysbench_mutex,t2@2ms,4,173.2952,5.813,161650575,164366,136440276,0,0,0,0
sysbench_mutex,hbskip@500us,4,175.2725,5.743,142197526,148610,108792898,0,0,4,3
sysbench_mutex,hbskip@1ms,4,173.6714,5.820,172385154,166806,123530116,0,0,4,1
sysbench_mutex,hbskip@2ms,4,169.1876,5.960,134811325,182381,86167174,0,0,0,0
sysbench_mutex,all@500us,4,170.9548,5.920,150860296,190784,77563502,18172506,16,7,3
sysbench_mutex,all@1ms,4,171.9572,5.896,128202743,158353,74737260,1653896,3,1,0
sysbench_mutex,all@2ms,4,174.0856,5.829,89152496,152512,49995002,0,0,0,0
sysbench_mutex,pv,4,172.7623,5.872,148389642,170366,95676564,0,0,0,0
sysbench_mutex,t2@500us,4,172.6400,5.866,135731457,169733,84758232,9783044,16,0,0
sysbench_mutex,t2@1ms,4,173.6774,5.833,138619420,161546,113246786,1149268,5,0,0
sysbench_mutex,hbskip@500us,5,171.5619,5.875,103751006,166113,65119452,0,0,2,1
sysbench_mutex,hbskip@1ms,5,171.0571,5.914,134376981,154409,84026114,0,0,3,2
sysbench_mutex,hbskip@2ms,5,173.0493,5.869,90128306,162151,36257412,0,0,0,0
sysbench_mutex,all@500us,5,172.7504,5.842,120769529,161502,73630820,14444242,11,4,0
sysbench_mutex,all@1ms,5,171.0250,5.922,159183317,180338,91826224,8564188,16,5,4
sysbench_mutex,all@2ms,5,171.4883,5.905,140337638,174603,87581730,0,0,0,0
sysbench_mutex,pv,5,172.8340,5.856,94672856,159160,44576992,0,0,0,0
sysbench_mutex,t2@500us,5,172.1793,5.874,129460128,166116,95737488,9815068,12,0,0
sysbench_mutex,t2@1ms,5,169.8341,5.922,115832674,163972,64652460,5220844,5,0,0
sysbench_mutex,t2@2ms,5,171.2036,5.913,84362946,154407,36489276,0,0,0,0
parsec_vips,pv,1,62.3037,16.077,184936109,42930,201049770,0,0,0,0
parsec_vips,t2@500us,1,62.6449,16.005,233972193,30539,292781866,34874868,185,0,0
parsec_vips,t2@1ms,1,61.9759,16.175,237687293,38870,282416660,4098098,17,0,0
parsec_vips,t2@2ms,1,62.5935,16.015,180894317,38258,176326316,0,0,0,0
parsec_vips,hbskip@500us,1,62.1465,16.128,152327104,46410,90121256,0,0,2,3
parsec_vips,hbskip@1ms,1,62.3278,16.072,176226223,38311,125336778,0,0,4,1
parsec_vips,hbskip@2ms,1,59.7489,16.766,232930868,37081,272787966,0,0,0,0
parsec_vips,all@500us,1,59.8695,16.732,163037023,39121,157198022,22184066,259,8,0
parsec_vips,all@1ms,1,59.6641,16.785,193269948,40469,200002224,5318440,20,5,0
parsec_vips,all@2ms,1,53.3203,18.785,201890277,45966,214859742,0,0,1,0
parsec_vips,t2@500us,2,60.1247,16.669,280109346,43733,368915492,21124366,120,0,0
parsec_vips,t2@1ms,2,60.8047,16.485,135255673,42051,124149950,163196,2,0,0
parsec_vips,t2@2ms,2,61.0206,16.419,290965701,41559,332016212,4405626,135,0,0
parsec_vips,hbskip@500us,2,56.0915,17.855,160227129,41983,125633230,0,0,6,1
parsec_vips,hbskip@1ms,2,59.0838,16.971,146215636,36156,110773554,0,0,1,0
parsec_vips,hbskip@2ms,2,55.7230,17.971,144200600,41164,111143104,0,0,0,0
parsec_vips,all@500us,2,60.4142,16.582,222493273,39265,244561136,9664272,55,5,0
parsec_vips,all@1ms,2,62.7459,15.976,317788679,38001,442887422,8527986,27,4,3
parsec_vips,all@2ms,2,59.9549,16.709,285318959,41957,341829618,1381324,1,1,0
parsec_vips,pv,2,59.8767,16.728,157769249,41597,135140714,0,0,0,0
parsec_vips,t2@1ms,3,63.1780,15.858,190018835,31065,221579994,3162850,9,0,0
parsec_vips,t2@2ms,3,62.7593,15.960,221932961,41817,264673902,0,0,0,0
parsec_vips,hbskip@500us,3,62.8160,15.949,333275199,44531,439621488,0,0,4,6
parsec_vips,hbskip@1ms,3,62.7266,15.994,264007502,38293,308477396,0,0,2,6
parsec_vips,hbskip@2ms,3,63.2047,15.849,356820655,36353,508771454,0,0,0,0
parsec_vips,all@500us,3,62.8828,15.933,209973613,34062,252525732,7575804,66,2,1
parsec_vips,all@1ms,3,63.0259,15.895,297936640,36211,417866808,6089138,7,4,1
parsec_vips,all@2ms,3,59.5547,16.816,257422259,32569,316992136,0,0,0,0
parsec_vips,pv,3,60.1938,16.644,223248644,56802,230678098,0,0,0,0
parsec_vips,t2@500us,3,60.3224,16.618,200859671,33665,239103176,9824056,38,0,0
parsec_vips,t2@2ms,4,62.0294,16.148,235704404,43360,237237350,0,0,0,0
parsec_vips,hbskip@500us,4,61.8548,16.193,241307720,42543,214535106,0,0,9,6
parsec_vips,hbskip@1ms,4,57.2620,17.493,253705768,54347,232225740,0,0,9,2
parsec_vips,hbskip@2ms,4,62.4520,16.061,163221021,38763,164188514,0,0,0,0
parsec_vips,all@500us,4,61.6728,16.240,215896411,38261,223923258,17333062,99,6,2
parsec_vips,all@1ms,4,65.1025,15.403,289147670,44756,341056256,1000228,12,1,2
parsec_vips,all@2ms,4,57.2472,17.496,159348539,41945,124338360,0,0,0,0
parsec_vips,pv,4,61.6295,16.262,219235848,50288,215424226,0,0,0,0
parsec_vips,t2@500us,4,61.7482,16.224,230132136,43378,255092146,32132922,316,0,0
parsec_vips,t2@1ms,4,61.3520,16.330,225705185,35454,276961970,5320220,10,0,0
parsec_vips,hbskip@500us,5,64.8130,15.461,182880467,41450,129550548,0,0,4,1
parsec_vips,hbskip@1ms,5,61.7314,16.241,264222529,45185,312600684,0,0,2,2
parsec_vips,hbskip@2ms,5,56.6810,17.673,269883915,48459,261003174,0,0,0,0
parsec_vips,all@500us,5,64.3174,15.577,277718127,45635,280038212,15562500,87,6,2
parsec_vips,all@1ms,5,61.3874,16.317,355068530,40387,435856836,13018788,25,5,1
parsec_vips,all@2ms,5,65.2567,15.369,244335768,53388,223628694,0,0,0,0
parsec_vips,pv,5,64.4912,15.547,219859273,35436,156254396,0,0,0,0
parsec_vips,t2@500us,5,65.4455,15.320,238499485,47282,238545892,18086324,175,0,0
parsec_vips,t2@1ms,5,57.1811,17.516,120055264,44997,61356114,2979760,7,0,0
parsec_vips,t2@2ms,5,64.7178,15.488,407244760,45251,447090920,0,0,0,0
stressng_dentry,pv,1,52610.0000,15.987,81665297113,8390383,23397324718,0,0,0,0
stressng_dentry,t2@500us,1,50946.0400,15.935,84742081061,7692165,110593144064,8445228734,137651,0,0
stressng_dentry,t2@1ms,1,48608.4000,15.985,88049876018,7552025,108345015444,6821519552,23564,0,0
stressng_dentry,t2@2ms,1,51965.1800,15.894,80985716410,8286137,25668484886,120819554,197,0,0
stressng_dentry,hbskip@500us,1,49446.7900,15.935,87316364206,7874057,32964422024,0,0,1412,2276
stressng_dentry,hbskip@1ms,1,48977.7000,15.891,86631046716,7767724,29247419040,0,0,1304,1751
stressng_dentry,hbskip@2ms,1,50776.9800,15.941,83389219667,7967283,27771081802,0,0,10,6
stressng_dentry,all@500us,1,48747.1400,15.774,89169696580,7435226,112703671428,8727775282,154008,1498,406
stressng_dentry,all@1ms,1,47053.7900,15.944,89674802464,7458831,106789778110,7008209570,30926,1292,317
stressng_dentry,all@2ms,1,50571.2300,15.926,82890079615,7841314,29797835788,104035710,252,12,9
stressng_dentry,t2@500us,2,50941.6100,15.821,83465237573,7680393,109109576774,8538922110,139445,0,0
stressng_dentry,t2@1ms,2,49040.4500,15.869,85977890547,7599752,104304231734,6841178622,24486,0,0
stressng_dentry,t2@2ms,2,52310.4600,16.034,84348852702,8337938,26992072240,112297886,469,0,0
stressng_dentry,hbskip@500us,2,49216.5300,15.934,84657448530,7635637,29709190370,0,0,1330,2220
stressng_dentry,hbskip@1ms,2,49156.3100,15.973,86042842884,7839411,31213079642,0,0,1246,1674
stressng_dentry,hbskip@2ms,2,50834.6700,15.967,85461821236,8011270,28282633548,0,0,7,2
stressng_dentry,all@500us,2,48464.9700,15.880,90251389822,7498052,117338019256,8960267724,159340,1566,387
stressng_dentry,all@1ms,2,46671.3800,15.861,91264634681,7469284,107994565324,6953397598,31523,1349,359
stressng_dentry,all@2ms,2,51700.1100,15.916,83147964857,8063851,31024883220,126730354,683,7,4
stressng_dentry,pv,2,51252.2900,15.839,85582934723,8239662,26729879364,0,0,0,0
stressng_dentry,t2@1ms,3,48597.0000,15.936,88455039310,7610656,109527039324,7129414326,25367,0,0
stressng_dentry,t2@2ms,3,51212.2900,15.891,85038636480,8236081,27786886812,151015508,615,0,0
stressng_dentry,hbskip@500us,3,48320.3600,15.823,88737812244,7749151,32455228280,0,0,1479,2235
stressng_dentry,hbskip@1ms,3,48483.6800,15.862,90711530520,7921407,34973559774,0,0,1269,1689
stressng_dentry,hbskip@2ms,3,50868.2400,15.973,85906304018,8174492,30683025384,0,0,9,10
stressng_dentry,all@500us,3,46388.7600,15.789,89429715291,7277568,127656652626,8895686252,152541,1527,343
stressng_dentry,all@1ms,3,45918.9800,15.849,91578329927,7417012,124337069198,7148593620,27977,1214,246
stressng_dentry,all@2ms,3,50605.2400,15.885,86950119237,8222633,40673736460,108607064,261,16,11
stressng_dentry,pv,3,51170.4600,15.955,83465928657,8241204,29110787014,0,0,0,0
stressng_dentry,t2@500us,3,47903.4900,15.866,93521735354,7880889,149368929102,8820834114,132232,0,0
stressng_dentry,t2@2ms,4,48908.0800,15.858,87080021993,7762956,42594757846,549544050,1898,0,0
stressng_dentry,hbskip@500us,4,42265.1100,16.016,90001170645,6467362,34405907910,0,0,1366,1691
stressng_dentry,hbskip@1ms,4,39999.7600,15.773,97612044908,6489025,31836337072,0,0,1210,1089
stressng_dentry,hbskip@2ms,4,44214.2400,15.748,92701974693,6932098,40294262836,0,0,138,121
stressng_dentry,all@500us,4,42720.0300,15.753,93467408226,6535680,144011707588,10120559566,197081,1373,318
stressng_dentry,all@1ms,4,41839.5700,15.827,94825415519,6413223,138353167852,8764472032,89253,1156,321
stressng_dentry,all@2ms,4,45812.5900,15.762,91995899184,7041722,89203659302,3354654678,16340,155,107
stressng_dentry,pv,4,49101.5600,15.802,84576404879,7609899,39728358954,0,0,0,0
stressng_dentry,t2@500us,4,46287.8700,15.954,90826222140,7248696,143263852264,10069253444,180827,0,0
stressng_dentry,t2@1ms,4,46826.3000,15.934,88638623624,7227796,129079058612,7816014938,82467,0,0
stressng_dentry,hbskip@500us,5,47737.5000,15.892,86224244132,7174616,45274857300,0,0,1192,1778
stressng_dentry,hbskip@1ms,5,47071.5100,15.805,90037369238,7259798,49184154096,0,0,920,1259
stressng_dentry,hbskip@2ms,5,48075.5000,15.916,87732407526,7311599,47085264044,0,0,112,164
stressng_dentry,all@500us,5,46003.0600,15.930,88877406475,7060091,130639920852,10336093132,198543,1229,466
stressng_dentry,all@1ms,5,45406.8000,15.871,89162973265,7014282,124039150198,7658084694,87372,967,397
stressng_dentry,all@2ms,5,46980.9600,15.873,88902319055,7319243,72305191902,2614105672,16450,124,104
stressng_dentry,pv,5,48566.6900,15.962,87485279225,7605262,36538087622,0,0,0,0
stressng_dentry,t2@500us,5,46626.8900,15.881,90783654797,7200111,140497622642,10089467062,197294,0,0
stressng_dentry,t2@1ms,5,45964.5700,15.875,91401359917,7310075,128646634742,7835202940,88453,0,0
stressng_dentry,t2@2ms,5,46964.0200,15.762,86998837126,7241139,67336402638,2633033218,20597,0,0
