rep,cpu,elapsed_ns,host_ns,host_frac,throttle_ns,cap_mean,k_frac,ratio
1,3,8001859281,2144229269,0.267966,302049929,642.1,0.372958,1.3918
1,7,8003183853,2185477378,0.273076,303080402,585.5,0.428199,1.5681
1,11,8002098838,2149208174,0.268581,302790491,617.5,0.397017,1.4782
1,15,8001138642,894909756,0.111848,321262069,1023.0,0.000977,0.0087
2,3,8000879443,2119250359,0.264877,304433398,597.5,0.416460,1.5723
2,7,8000655481,2203380629,0.275400,305137276,639.7,0.375311,1.3628
2,11,8001432301,2160623906,0.270030,304603739,596.6,0.417347,1.5456
2,15,8000868315,900294810,0.112525,298564899,1022.0,0.001953,0.0174
3,3,8000049217,2194745463,0.274341,304657401,638.0,0.376909,1.3739
3,7,8003660217,2545507150,0.318043,303965985,573.0,0.440430,1.3848
3,11,8000471535,2418635981,0.302312,306884238,536.5,0.476119,1.5749
3,15,8000753096,1025560846,0.128183,295386012,955.6,0.066755,0.5208
4,3,8000746165,2509396099,0.313645,308345058,353.0,0.655227,2.0891
4,7,8000150607,2298986306,0.287368,302651735,415.9,0.593839,2.0665
4,11,8001620734,2162541373,0.270263,303163438,537.2,0.475364,1.7589
4,15,8001520395,886799126,0.110829,334315004,1001.5,0.021928,0.1979
5,3,8000533171,2249862128,0.281214,302334464,608.7,0.405584,1.4423
5,7,8003312014,2316533794,0.289447,302900366,637.3,0.377663,1.3048
5,11,8001794167,2281676567,0.285146,302308888,618.5,0.396040,1.3889
5,15,8000801596,1004803145,0.125588,257770781,1020.8,0.003125,0.0249
