workload,arm,rep,perf,dur_s,wall_ns,wait_events,halt_cyc,halt_t1,halt_t2,migs,t1_fired,t2_fired,heh_bailed,bypass_fired,evict_marked,evict_la_ref
ebizzy_mmap,mig,1,1553.0000,15.060,3005292435,432950,818662188,0,0,324,0,0,0,0,0,0
ebizzy_mmap,mig_heh,1,1535.0000,15.070,2923089481,426991,831823018,0,0,304,0,0,1017,0,0,0
ebizzy_mmap,mig_heh_hb,1,1478.0000,15.062,2721333890,398811,731838808,0,0,302,0,0,1016,37,0,0
ebizzy_mmap,mig_heh_hb_sk,1,1475.0000,15.055,3112979254,403458,791260288,0,0,398,0,0,2294,36,22,15
ebizzy_mmap,mig_heh_hb_sk_t1,1,1472.0000,15.068,3332321068,402397,1850999464,1500824668,0,418,33139,0,2261,55,13,16
ebizzy_mmap,mig_heh,2,1480.0000,15.071,3286908865,449074,807836326,0,0,1596,0,0,1635,0,0,0
ebizzy_mmap,mig_heh_hb,2,1484.0000,15.073,3129910534,407248,637770504,0,0,313,0,0,1723,35,0,0
ebizzy_mmap,mig_heh_hb_sk,2,1474.0000,15.060,3509298398,444930,860525918,0,0,1145,0,0,2294,45,41,19
ebizzy_mmap,mig_heh_hb_sk_t1,2,1491.0000,15.051,3525662873,413388,1541581106,1257966260,0,363,29365,0,1984,51,16,16
ebizzy_mmap,mig,2,1542.0000,15.055,3522214853,450819,848386116,0,0,383,0,0,0,0,0,0
ebizzy_mmap,mig_heh_hb,3,1527.0000,15.076,3617986146,474257,886067442,0,0,1289,0,0,3028,56,0,0
ebizzy_mmap,mig_heh_hb_sk,3,1519.0000,15.068,3349354050,423777,846554296,0,0,452,0,0,2763,69,39,20
ebizzy_mmap,mig_heh_hb_sk_t1,3,1484.0000,15.035,3676158864,428980,2206028890,1807384156,0,471,40134,0,1704,72,34,23
