arm,rep,records_per_s,dur_s,capacity_contended
pv,1,1254,15.079,774
ivh,1,1231,15.049,789
ivh,1,1165,15.038,811
pv,1,1222,15.088,804
ivh,2,1212,15.060,812
pv,2,1219,15.084,824
pv,2,1224,15.086,819
ivh,2,1118,15.085,816
pv,3,1003,15.070,811
ivh,3,966,15.075,802
ivh,3,969,15.070,800
pv,3,973,15.077,796
ivh,4,948,15.071,794
pv,4,974,15.072,796
pv,4,964,15.085,797
ivh,4,952,15.075,795
pv,5,961,15.057,797
ivh,5,963,15.074,795
ivh,5,946,15.053,799
pv,5,955,15.070,797
ivh,6,953,15.075,794
pv,6,964,15.063,799
pv,6,982,15.068,794
ivh,6,964,15.077,790
