workload,arm,rep,perf,dur_s,spin_iters,spin_attempts,spin_ns,wall_ns,wait_events,migs,t1_fired,t2_fired,heh_bailed,bypass_fired,evict_marked
fsmark_tmpfs,mig_t1,1,66889.0000,9.961,8552118,2640,200974773,531297775,46442,0,869,0,0,0,0
fsmark_tmpfs,mig_t1_heh,1,67909.7000,9.708,4268473,2052,100309116,282119395,25924,0,1019,0,81,0,0
fsmark_tmpfs,mig_t1_heh_t2,1,65640.0000,9.896,3449031,3319,81052228,262301902,20126,0,1931,389,0,0,0
fsmark_tmpfs,mig_t1_heh_t2_sk,1,68190.7000,9.740,2590055,2076,60866292,220805990,16144,0,871,185,56,0,1
fsmark_tmpfs,mig_t1_heh_t2_sk_hb,1,69091.9000,9.652,5006866,2641,117661351,351753194,14145,0,1234,337,2,25,2
fsmark_tmpfs,mig_t1_heh,2,68436.7000,9.744,2897070,969,68081145,217431959,16652,0,36,0,0,0,0
fsmark_tmpfs,mig_t1_heh_t2,2,69960.8000,9.552,3911821,3408,91927794,287248132,15416,0,2309,129,0,0,0
fsmark_tmpfs,mig_t1_heh_t2_sk,2,68000.9000,9.775,3268594,4083,76811959,271450554,17805,0,2666,161,0,0,1
fsmark_tmpfs,mig_t1_heh_t2_sk_hb,2,66513.6000,9.929,3803092,1632,89372662,257018203,10421,0,550,229,0,27,1
fsmark_tmpfs,mig_t1,2,68281.5000,9.744,5895328,1270,138540208,337690163,14458,0,441,0,0,0,0
fsmark_tmpfs,mig_t1_heh_t2,3,69132.8000,9.625,3673832,3968,86335052,271001788,14148,0,2806,110,0,0,0
fsmark_tmpfs,mig_t1_heh_t2_sk,3,66340.5000,9.936,2222069,1243,52218622,176817310,10664,0,291,70,0,0,0
fsmark_tmpfs,mig_t1_heh_t2_sk_hb,3,69098.1000,9.696,4464690,2886,104920215,319761493,13965,0,1505,390,0,28,3
fsmark_tmpfs,mig_t1,3,65095.4000,10.081,5796668,834,136221698,352175254,14222,0,221,0,0,0,0
fsmark_tmpfs,mig_t1_heh,3,67618.6000,9.788,3608438,1196,84798293,253453196,10745,0,316,0,0,0,0
fsmark_tmpfs,mig_t1_heh_t2_sk,4,62301.9000,10.295,6008446,3941,141198481,463049175,38719,0,1255,123,7,0,7
fsmark_tmpfs,mig_t1_heh_t2_sk_hb,4,67427.4000,9.967,4786167,4193,112474924,341902919,13802,0,3147,260,1,29,0
fsmark_tmpfs,mig_t1,4,66177.3000,9.890,4768301,1083,112055074,315923367,15732,0,348,0,0,0,0
fsmark_tmpfs,mig_t1_heh,4,66966.2000,9.894,5737442,1994,134829887,330154404,24146,0,921,0,0,0,0
fsmark_tmpfs,mig_t1_heh_t2,4,65240.6000,9.953,2418266,1861,56829251,188505136,12428,0,985,94,0,0,0
fsmark_tmpfs,mig_t1_heh_t2_sk_hb,5,65517.9000,9.909,3627184,1927,85238824,263348809,11369,0,864,188,0,23,2
fsmark_tmpfs,mig_t1,5,65224.6000,9.996,3475476,837,81673686,237666705,15759,0,109,0,0,0,0
fsmark_tmpfs,mig_t1_heh,5,67847.8000,9.795,5304099,2248,124646326,302487166,13417,0,1279,0,0,0,0
fsmark_tmpfs,mig_t1_heh_t2,5,66645.2000,9.874,4422779,3016,103935306,307118184,12382,0,1884,180,0,0,0
fsmark_tmpfs,mig_t1_heh_t2_sk,5,62747.1000,10.335,4883223,5192,114755740,368422337,12422,0,3783,230,0,0,1
parsec_vips,mig_t1,1,70.9341,14.114,2909504,2048,68373344,102689218,8028,0,135,0,0,0,0
parsec_vips,mig_t1_heh,1,63.2031,15.841,6519938,4098,153218543,391081550,29760,0,978,0,0,0,0
parsec_vips,mig_t1_heh_t2,1,62.6936,15.989,4009020,3498,94211970,290557340,25796,0,530,70,0,0,0
parsec_vips,mig_t1_heh_t2_sk,1,55.8597,17.934,2522529,4610,59279432,129181965,6541,0,2510,303,1,0,1
parsec_vips,mig_t1_heh_t2_sk_hb,1,61.8582,16.193,2202462,6865,51757857,120959423,8398,0,1748,38,0,1,1
parsec_vips,mig_t1_heh,2,64.2909,15.595,7890804,5825,185433894,412110567,26997,0,1540,0,1,0,0
