workload,rep,seconds,contended,holds
stressng_dentry,1,16.089,8897246,2339781
stressng_dentry,2,16.106,9261996,2393852
stressng_dentry,3,16.070,8733080,2366687
stressng_dentry,4,16.092,9017773,2362015
stressng_dentry,5,16.043,9184058,2402126
stressng_dentry,6,15.991,9287786,2460446
stressng_dentry,7,16.071,9396889,2608111
stressng_dentry,8,16.035,9170539,2528425
stressng_dentry,9,16.020,9351840,2583129
perf_epoll_wait,1,16.344,5995467,133976
perf_epoll_wait,2,16.246,6299397,163912
perf_epoll_wait,3,16.372,6661428,175072
perf_epoll_wait,4,16.175,6938657,247938
perf_epoll_wait,5,16.161,7184846,233385
perf_epoll_wait,6,16.351,5859952,183823
perf_epoll_wait,7,16.224,6865334,294201
perf_epoll_wait,8,16.198,6116700,219398
perf_epoll_wait,9,16.155,6292469,173131
hackbench_pipe_thr,1,18.046,3458635,2521977
hackbench_pipe_thr,2,18.233,3275557,2357302
hackbench_pipe_thr,3,17.547,3452319,2517959
hackbench_pipe_thr,4,17.083,3518308,2581484
hackbench_pipe_thr,5,17.513,3508983,2539777
hackbench_pipe_thr,6,17.447,3342699,2416454
hackbench_pipe_thr,7,16.197,3447684,2515610
hackbench_pipe_thr,8,16.228,3510077,2649506
hackbench_pipe_thr,9,16.162,3454117,2672496
sysbench_mutex,1,5.978,119106,72882
sysbench_mutex,2,6.205,118155,66452
sysbench_mutex,3,5.732,107925,61733
sysbench_mutex,4,5.932,117715,68477
sysbench_mutex,5,5.740,114555,68038
sysbench_mutex,6,5.781,102675,58749
sysbench_mutex,7,5.873,107382,61355
sysbench_mutex,8,5.795,115027,68152
sysbench_mutex,9,5.951,107164,62287
ebizzy_mmap,1,15.223,221046,170561
ebizzy_mmap,2,15.227,219844,170496
ebizzy_mmap,3,15.267,218685,167804
ebizzy_mmap,4,15.415,215078,167713
ebizzy_mmap,5,15.377,210351,164905
ebizzy_mmap,6,15.392,191362,150404
ebizzy_mmap,7,15.292,225779,182219
ebizzy_mmap,8,15.409,285785,237062
ebizzy_mmap,9,15.393,299122,231949
dbench_16,1,18.359,139551,81050
dbench_16,2,18.355,141007,82540
dbench_16,3,18.464,155016,80770
dbench_16,4,18.418,139736,81325
dbench_16,5,18.401,139681,81454
dbench_16,6,18.447,134234,77615
dbench_16,7,18.373,133900,78417
dbench_16,8,18.376,137029,79284
dbench_16,9,18.478,164137,86115
fsmark_tmpfs,1,5.936,31966,4298
fsmark_tmpfs,2,6.069,41768,5358
fsmark_tmpfs,3,6.042,40047,5117
fsmark_tmpfs,4,0.126,15,59
fsmark_tmpfs,5,0.125,14,39
fsmark_tmpfs,6,0.260,8,24
fsmark_tmpfs,7,0.294,7,43
fsmark_tmpfs,8,0.141,9,105
fsmark_tmpfs,9,0.219,12,77
