workload,arm,rep,perf,dur_s,mig_n,cost_sum_ns,cost_mean_us,delay_sum_ns,delay_mean_us,mig_total_ns,wait_ns,wait_events,node_iters,head_iters,g2_reject,g1_reject,prelock,migs_kernel,sc_max,sc_atcap_pct,t1,t2,heh,hb,evict
ebizzy_mmap,pv,1,976,15.054,0,0,0,0,0,0,2985228700,189794,121628743,18153472,0,0,0,0,0,0.0,3665,0,0,0,0
ebizzy_mmap,1,1,1302,15.045,7890,102369238,12.97,2076418843,263.17,2178788081,2021843374,285262,55172443,8827904,5533,95933,1715850,7971,1,12.9,33696,1747,3214,29,19
ebizzy_mmap,2,1,1446,15.066,7487,104478978,13.95,1895511971,253.17,1999990949,2004090458,311280,53727084,6647040,4050,107569,1756178,7625,2,1.3,35718,2151,3080,24,15
ebizzy_mmap,4,1,1455,15.051,7703,109096398,14.16,2113325167,274.35,2222421565,1937144914,284864,49291678,6609920,4024,94929,1118966,7793,4,0.0,43538,753,2976,15,14
ebizzy_mmap,8,1,1466,15.054,7761,108085573,13.93,2176657817,280.46,2284743390,1681627649,281093,44383820,5447680,4076,94546,1118236,7860,4,0.0,29137,1644,2442,19,16
ebizzy_mmap,12,1,1468,15.073,7809,112749333,14.44,2192186720,280.73,2304936053,1550798857,275806,41353542,4869376,4337,94572,1125651,7896,4,0.0,23694,1591,1514,15,5
ebizzy_mmap,16,1,1460,15.062,8062,108844414,13.50,2188158594,271.42,2297003008,1757928816,285137,46094606,5133312,4170,93956,1117794,8134,5,0.0,34447,1354,2968,22,12
ebizzy_mmap,1,2,1420,15.057,6603,78332815,11.86,1499007504,227.02,1577340319,1922027164,275808,56052571,7436544,4394,90678,1115614,6656,1,9.0,29881,2266,2138,24,10
ebizzy_mmap,2,2,1460,15.079,7355,98589187,13.40,1945490440,264.51,2044079627,1773385825,296921,49664494,5558016,4420,94990,1120911,7425,2,1.0,32699,692,3083,12,10
ebizzy_mmap,4,2,1442,15.055,8084,109584948,13.56,2106730433,260.60,2216315381,1708164423,282110,46025688,5521664,4153,92541,1108038,8131,4,0.0,31975,1670,3150,18,8
ebizzy_mmap,8,2,1441,15.055,7987,101918040,12.76,2139766583,267.91,2241684623,1579683138,289724,41876173,5552640,4439,92140,1103046,8064,4,0.0,21703,1909,1351,20,11
ebizzy_mmap,12,2,1475,15.058,7867,98919481,12.57,2132211177,271.03,2231130658,2109580486,337347,65664748,7433216,3943,110078,1775187,9958,5,0.0,35652,2117,2453,23,5
ebizzy_mmap,16,2,1459,15.086,8081,102055773,12.63,2101019361,259.99,2203075134,1637122186,293583,39255223,5968384,4540,93834,1116835,8143,4,0.0,34442,808,2468,9,7
ebizzy_mmap,pv,2,984,15.102,0,0,0,0,0,0,3377216001,272690,122248520,17301504,0,0,0,0,0,0.0,5494,0,0,0,0
ebizzy_mmap,2,3,1436,15.043,7483,97532659,13.03,1915673687,256.00,2013206346,1810469798,273520,41690876,6187776,4728,92675,1109493,7535,2,1.0,42218,1762,3199,21,6
ebizzy_mmap,4,3,1390,15.066,8377,97103621,11.59,2361214951,281.87,2458318572,2061709719,281806,60307294,7168512,4770,88821,1097361,8617,4,0.0,41117,2789,2706,30,14
ebizzy_mmap,8,3,1464,15.054,7644,103139032,13.49,2018850655,264.11,2121989687,1749839444,292266,48284552,6307072,4053,96418,1118186,7709,4,0.0,26977,1136,2131,15,17
ebizzy_mmap,12,3,1423,15.045,8340,92019987,11.03,2291538843,274.76,2383558830,1755376019,285182,56513949,6043904,4428,92319,1100057,8402,4,0.0,19226,2072,1378,18,14
ebizzy_mmap,16,3,1457,15.053,7210,102378624,14.20,1900049820,263.53,2002428444,1769803598,289238,49684550,6379776,5218,94858,1107444,7269,4,0.0,28429,1458,2515,19,11
ebizzy_mmap,pv,3,977,15.075,0,0,0,0,0,0,2887917823,199720,112878290,19136512,0,0,0,0,0,0.0,9679,0,0,0,0
ebizzy_mmap,1,3,1344,15.065,6812,83494900,12.26,1819442261,267.09,1902937161,2226967484,269899,58626277,8106240,5870,84202,1055014,6955,2,11.2,58142,3063,3118,24,14
hackbench_pipe_thr,pv,1,18.301,18.326,0,0,0,0,0,0,71695584213,4040038,2083853371,235307008,0,0,0,0,0,0.0,62906,0,0,0,0
hackbench_pipe_thr,1,1,6.769,6.805,9775,67798769,6.94,2893483374,296.01,2961282143,14355698995,2931710,476128813,33325568,164244,0,30494414,9847,2,41.4,80105,16699,781,113,44
hackbench_pipe_thr,2,1,6.331,6.343,16420,116785391,7.11,4766620338,290.29,4883405729,10428379262,2890876,371244025,16980480,236135,0,30501741,16637,3,27.1,37622,9421,473,58,11
hackbench_pipe_thr,4,1,5.740,5.752,21896,147848261,6.75,5614427903,256.41,5762276164,5852415403,2633313,194136085,5282560,344539,9645,30443183,22138,5,12.1,6962,1046,160,11,3
hackbench_pipe_thr,8,1,5.099,5.112,22012,149357848,6.79,5371937804,244.05,5521295652,3565190217,2357756,102992974,1895936,83184,398702,30290544,22111,8,0.7,1908,249,63,2,0
hackbench_pipe_thr,12,1,5.372,5.383,22984,159015472,6.92,5361525201,233.27,5520540673,4031459672,2387867,117948397,2480128,2811,498413,30345126,23037,8,0.0,1152,140,88,2,0
hackbench_pipe_thr,16,1,5.108,5.137,21547,159949886,7.42,5441101330,252.52,5601051216,3444289241,2338359,97608395,995328,2642,487567,30348761,21688,8,0.0,248,10,2,1,0
hackbench_pipe_thr,1,2,6.674,6.685,9301,69074408,7.43,2755982214,296.31,2825056622,14210998601,2957521,487964392,32100864,39466,435574,30526617,9458,2,39.2,76482,16000,510,107,39
hackbench_pipe_thr,2,2,5.906,5.923,14469,102300133,7.07,4137319842,285.94,4239619975,9137520520,2852584,315534858,13549824,125185,219724,30473704,14521,3,25.9,29004,8755,427,41,7
hackbench_pipe_thr,4,2,5.431,5.444,18346,134943341,7.36,5429465562,295.95,5564408903,5479653577,2605686,182900513,4419328,7890,508086,30395725,18507,5,12.7,5265,1398,168,12,1
hackbench_pipe_thr,8,2,5.158,5.180,19704,136416388,6.92,5098856300,258.77,5235272688,3460960278,2342631,96917122,870912,2365,491434,30315180,19747,8,0.4,614,27,44,2,0
hackbench_pipe_thr,12,2,5.130,5.156,23164,171500029,7.40,5412261388,233.65,5583761417,3631918992,2382413,105200655,1996288,2394,489753,30391897,23287,8,0.0,830,370,4,2,0
hackbench_pipe_thr,16,2,5.158,5.177,22191,159207887,7.17,5231732098,235.76,5390939985,3612398351,2375770,105619419,1802240,3895,486354,30343620,22293,8,0.0,1164,157,0,2,2
hackbench_pipe_thr,pv,2,17.473,17.494,0,0,0,0,0,0,67329510049,4140003,1937991541,220495872,0,0,0,0,0,0.0,114317,0,0,0,0
hackbench_pipe_thr,2,3,6.108,6.120,14466,100551165,6.95,4464665307,308.63,4565216472,9805945225,2847215,348279880,15901440,210476,0,30534092,14505,3,25.4,30420,6317,865,53,23
hackbench_pipe_thr,4,3,5.425,5.438,21844,151203103,6.92,5461444432,250.02,5612647535,5341807877,2668169,174275668,3851264,363401,0,30476676,21888,5,10.4,5581,1050,17,8,1
hackbench_pipe_thr,8,3,5.107,5.119,23244,164094769,7.06,5280331761,227.17,5444426530,3504921352,2358328,101835390,1517312,135291,314025,30343378,23296,8,0.4,2205,25,81,1,0
hackbench_pipe_thr,12,3,4.951,4.964,19275,140863975,7.31,5408379819,280.59,5549243794,3164103046,2324157,85812342,557056,1824,482974,30265220,19336,8,0.0,116,0,0,0,0
hackbench_pipe_thr,16,3,4.955,4.981,17915,133032808,7.43,5076114766,283.34,5209147574,3325616783,2294599,91650459,1253888,1575,484053,30303526,17984,8,0.0,1074,371,2,3,0
hackbench_pipe_thr,pv,3,18.492,18.520,0,0,0,0,0,0,74652572527,4062763,2053661420,250478592,0,0,0,0,0,0.0,134069,0,0,0,0
hackbench_pipe_thr,1,3,6.653,6.690,9571,71510376,7.47,2799480335,292.50,2870990711,13470362767,2975703,453081651,30079488,179889,0,30556321,9651,2,40.4,69610,12656,191,93,37
dbench_16,pv,1,234.291,18.159,0,0,0,0,0,0,4952373025,92545,247048142,5144576,0,0,0,0,0,0.0,35635,0,0,0,0
dbench_16,1,1,260.347,18.160,36914,226203413,6.13,3076597223,83.34,3302800636,3866672083,127941,205905253,2994432,32232,316901,6800825,36983,2,17.3,7901,254,169,4,4
dbench_16,2,1,268.156,18.124,43995,284754916,6.47,3043911315,69.19,3328666231,3763240197,129270,205990526,2239232,23405,348812,6998443,44063,2,3.0,4271,111,2,4,2
dbench_16,4,1,266.004,18.122,47606,316185232,6.64,3015956548,63.35,3332141780,3835639916,97151,207779678,2487552,18369,362433,6947860,47706,4,0.3,5766,361,5,7,0
dbench_16,8,1,258.954,18.142,49835,324299055,6.51,3075876050,61.72,3400175105,3622551750,129888,203099183,1788672,11940,366564,6816897,49931,7,0.0,1356,47,1,4,0
dbench_16,12,1,264.389,18.145,49857,334901065,6.72,3126913004,62.72,3461814069,3737142887,117839,204905391,2697728,13522,369417,6981121,49936,6,0.0,2559,382,6,5,1
dbench_16,16,1,263.713,18.131,49294,318437645,6.46,3119342173,63.28,3437779818,3802739299,133567,207822135,1687040,14982,368409,6941530,49439,8,0.0,4883,104,162,5,0
dbench_16,1,2,267.404,18.144,37896,232502665,6.14,2706159026,71.41,2938661691,3777449931,127907,203838775,1542912,19301,332778,6961921,38047,2,15.4,5934,472,11,9,2
dbench_16,2,2,266.369,18.141,45755,297180831,6.50,3002988480,65.63,3300169311,3750717910,111667,199668095,2439680,15590,351595,6976595,45825,3,2.8,3241,218,3,6,4
dbench_16,4,2,265.644,18.153,50912,337661525,6.63,3173319568,62.33,3510981093,3651191732,126387,202333774,1543680,11229,368597,6968047,51002,4,0.2,707,66,5,2,0
dbench_16,8,2,265.388,18.153,52220,344530176,6.60,3223413065,61.73,3567943241,3740135933,126851,204575443,2129920,9957,373901,7002234,52303,7,0.0,1730,26,0,2,1
dbench_16,12,2,260.378,18.123,50903,336054181,6.60,3212027746,63.10,3548081927,3599270798,106435,198479124,1867776,11986,363818,6811684,50954,7,0.0,946,75,0,5,0
dbench_16,16,2,262.755,18.130,51215,343999870,6.72,3265193040,63.75,3609192910,3725603513,131760,199885122,2095616,10774,367570,6871773,51342,7,0.0,2304,258,109,1,1
dbench_16,pv,2,233.814,18.171,0,0,0,0,0,0,5427144382,109324,264772467,4456448,0,0,0,0,0,0.0,30569,0,0,0,0
dbench_16,2,3,268.301,18.163,47440,298409625,6.29,2922296588,61.60,3220706213,3811526341,126873,205082446,1540096,13183,358187,7003111,47527,3,2.8,710,32,0,5,1
dbench_16,4,3,268.47,18.159,52044,335084895,6.44,3342191347,64.22,3677276242,3767573450,123400,207114585,1474560,12550,371939,7027872,52114,5,0.2,773,45,0,4,0
dbench_16,8,3,266.35,18.120,52336,348856674,6.67,3195731591,61.06,3544588265,3866866236,118685,207798319,2092800,11706,375131,7000776,52413,6,0.0,1869,215,89,5,4
dbench_16,12,3,266.909,18.152,52669,343525558,6.52,3344784226,63.51,3688309784,3670287485,129977,204355200,1295872,10618,375013,6969801,52743,8,0.0,1046,9,119,1,0
dbench_16,16,3,266.23,18.121,52963,349706647,6.60,3358977985,63.42,3708684632,3826277915,118761,205404709,1998848,9626,374068,6977533,53044,8,0.0,1360,205,0,5,1
dbench_16,pv,3,233.337,18.170,0,0,0,0,0,0,5491754605,120231,272215461,4423680,0,0,0,0,0,0.0,27313,0,0,0,0
dbench_16,1,3,267.636,18.139,39301,251916571,6.41,2725151236,69.34,2977067807,3806087188,130817,200794651,2108672,16224,332398,6963206,39369,2,16.3,3511,87,40,2,2
wis_mmap2,pv,1,248533,21.257,0,0,0,0,0,0,1127967786,74345,28920410,8290304,0,0,0,0,0,0.0,3643,0,0,0,0
wis_mmap2,1,1,307705,21.141,494,4599741,9.31,301585117,610.50,306184858,747994307,71844,11852810,6160384,74,25477,244376,541,1,0.5,5630,3437,132,15,4
wis_mmap2,2,1,306523,21.111,648,6120862,9.45,471915253,728.26,478036115,885000142,100970,19645737,6801408,229,43749,912612,670,2,0.1,7535,3533,92,15,6
wis_mmap2,4,1,312971,21.142,490,4533282,9.25,404865255,826.26,409398537,663441907,55557,10672604,5275648,22,25306,242991,534,1,0.0,10686,2418,0,12,4
wis_mmap2,8,1,329153,21.194,487,4458487,9.16,414310245,850.74,418768732,801357534,80178,16276290,7340032,29,26901,243980,508,1,0.0,7505,2986,0,11,5
wis_mmap2,12,1,330738,21.136,447,4121714,9.22,315975891,706.88,320097605,1034338437,80801,19638706,9577984,39,26931,250428,469,1,0.0,10198,3531,155,12,9
wis_mmap2,16,1,336689,21.087,443,4199283,9.48,334641041,755.40,338840324,869977372,69298,16206333,7621632,32,26576,242591,457,1,0.0,11346,3554,1,19,6
wis_mmap2,1,2,310581,21.178,461,4137782,8.98,315795704,685.02,319933486,815407849,74543,18400875,7845376,68,26786,241923,487,1,0.5,5945,1887,2,8,2
wis_mmap2,2,2,325288,21.105,461,4283069,9.29,369571760,801.67,373854829,865726630,64180,19418563,7514112,32,27356,242418,495,2,0.0,10941,2772,161,13,2
wis_mmap2,4,2,319285,21.063,503,5919985,11.77,414397701,823.85,420317686,805500110,66308,17199442,8038912,38,26793,243446,526,1,0.0,3779,2121,174,10,3
wis_mmap2,8,2,348259,21.119,446,4236207,9.50,369737051,829.01,373973258,840247405,77458,19421846,8727040,26,27364,242601,477,2,0.0,11841,3838,161,12,3
wis_mmap2,12,2,313695,21.103,522,4792925,9.18,373517261,715.55,378310186,570478194,62593,13143886,5701632,41,27280,251235,543,1,0.0,1603,2701,2,13,6
wis_mmap2,16,2,312753,21.070,575,5126863,8.92,383823929,667.52,388950792,763399819,91362,16075167,6764544,119,39718,887185,596,3,0.0,7014,2766,31,13,5
wis_mmap2,pv,2,245363,21.093,0,0,0,0,0,0,896622545,74581,22550582,7569408,0,0,0,0,0,0.0,1983,0,0,0,0
wis_mmap2,2,3,356463,21.121,397,3807534,9.59,341638399,860.55,345445933,836713052,79277,19077065,7253248,36,26983,243225,416,1,0.0,9150,3005,281,8,6
wis_mmap2,4,3,319124,21.093,444,4109364,9.26,326245392,734.79,330354756,668707205,59346,15023958,6760960,32,27106,241786,464,2,0.0,6918,2404,154,17,3
wis_mmap2,8,3,326170,21.240,506,4484266,8.86,453414451,896.08,457898717,764867239,79384,13701927,8093696,28,25689,244439,574,2,0.0,11763,3262,1,11,4
wis_mmap2,12,3,353676,21.232,408,6731875,16.50,312276339,765.38,319008214,731978869,44448,12633530,7831552,60,24673,245751,425,1,0.0,11030,3754,1,23,4
wis_mmap2,16,3,329052,21.129,434,4021995,9.27,352863803,813.05,356885798,886049014,75529,14733934,7830016,106,25482,243402,529,1,0.0,10140,3604,10,18,5
wis_mmap2,pv,3,244208,21.136,0,0,0,0,0,0,1051520437,63370,25014962,8060928,0,0,0,0,0,0.0,4071,0,0,0,0
wis_mmap2,1,3,315093,21.100,466,4391554,9.42,352169689,755.73,356561243,884660547,82708,15952001,6365696,186,26198,247714,601,1,0.6,9886,3080,115,21,7
fsmark_tmpfs,pv,1,85591.0,5.990,0,0,0,0,0,0,293503559,71017,6126916,2260992,0,0,0,0,0,0.0,1865,0,0,0,0
fsmark_tmpfs,1,1,225103.5,2.231,1026,7414975,7.23,663069069,646.27,670484044,422904250,145467,10504714,851968,2102,171813,5907973,1061,1,24.3,1782,276,0,3,0
fsmark_tmpfs,2,1,255012.5,1.945,994,9049237,9.10,636167469,640.01,645216706,478289179,204169,12960979,163840,1065,181080,5902423,1025,2,2.6,86,8,0,1,0
fsmark_tmpfs,4,1,288745.9,1.766,899,6143339,6.83,526620493,585.78,532763832,423174607,182537,9905068,163840,284,173079,5901174,948,2,0.0,12,135,1,0,0
fsmark_tmpfs,8,1,321198.0,1.656,973,6912339,7.10,625971396,643.34,632883735,459952648,188642,12588706,131072,56,160812,5702577,1027,3,0.0,908,244,0,1,0
fsmark_tmpfs,12,1,331068.7,1.627,900,9540049,10.60,544413630,604.90,553953679,449358022,177594,11915559,294912,56,163591,5697247,959,3,0.0,546,138,2,0,0
fsmark_tmpfs,16,1,276218.1,1.797,953,7397409,7.76,634432860,665.72,641830269,536294832,184650,14675429,524288,163,170968,5904512,981,4,0.0,418,0,0,0,0
fsmark_tmpfs,1,2,217427.7,2.258,1024,13888712,13.56,714091512,697.35,727980224,573533088,159298,17602863,1146880,3202,168637,5903367,1045,1,25.4,2086,594,0,5,1
fsmark_tmpfs,2,2,261922.9,1.966,1074,10164606,9.46,622481591,579.59,632646197,424427340,205872,8543909,206592,924,181686,5902660,1084,2,1.6,178,11,8,1,0
fsmark_tmpfs,4,2,289703.7,1.763,978,6750748,6.90,556167727,568.68,562918475,438838075,185698,10014284,196608,92,175117,5900646,997,2,0.0,41,0,0,0,0
fsmark_tmpfs,8,2,287792.4,1.774,921,6464708,7.02,620076490,673.26,626541198,449134363,191076,11580357,131072,351,172938,5900120,929,3,0.0,23,0,0,0,0
fsmark_tmpfs,12,2,278691.2,1.842,1025,7618210,7.43,592737534,578.28,600355744,426494361,182067,9038513,131072,232,180089,5900234,1042,3,0.0,348,50,0,2,0
fsmark_tmpfs,16,2,283019.6,1.778,981,6763547,6.89,666622301,679.53,673385848,477990899,182366,13474625,0,509,172965,5899921,993,3,0.0,60,0,0,0,0
fsmark_tmpfs,pv,2,88171.7,5.828,0,0,0,0,0,0,505393223,73214,14009054,3112960,0,0,0,0,0,0.0,4331,0,0,0,0
fsmark_tmpfs,2,3,278473.6,1.811,901,9088128,10.09,588803612,653.50,597891740,505262982,193196,14711128,98304,696,176515,5901325,931,2,2.1,40,3,1,0,0
fsmark_tmpfs,4,3,324998.2,1.678,937,6917920,7.38,706854442,754.38,713772362,447984035,189790,12665986,0,62,164257,5697884,1001,4,0.1,1,1,0,0,0
fsmark_tmpfs,8,3,289460.9,1.738,840,6219458,7.40,477470888,568.42,483690346,477203639,184872,13736229,65536,103,174896,5901142,910,2,0.0,47,4,0,0,0
fsmark_tmpfs,12,3,282458.4,1.786,897,8725337,9.73,681645436,759.92,690370773,447733005,183447,12639815,98304,80,181883,5900355,916,3,0.0,66,0,0,0,0
fsmark_tmpfs,16,3,305462.9,1.743,900,7816194,8.68,626222345,695.80,634038539,452173863,198962,12437679,0,160,176002,5798435,919,3,0.0,0,0,0,0,0
fsmark_tmpfs,pv,3,114707.6,4.886,0,0,0,0,0,0,484796769,84999,12747461,3342336,0,0,0,0,0,0.0,3926,0,0,0,0
fsmark_tmpfs,1,3,211275.4,2.327,1006,9837330,9.78,763901381,759.35,773738711,463378723,155771,11651836,425984,3676,170268,5902637,1021,1,25.3,724,297,3,0,0
memtier_memcached,pv,1,283788.94,11.277,0,0,0,0,0,0,1640156962,889947,205064879,58195968,0,0,0,0,0,0.0,115476,0,0,0,0
memtier_memcached,1,1,316022.90,11.163,26450,245669866,9.29,4370047625,165.22,4615717491,1082792502,799738,46227356,19036928,261394,472937,7691115,26619,2,41.1,60279,3361,413,15,17
memtier_memcached,2,1,321096.41,11.176,45209,365726154,8.09,6682866327,147.82,7048592481,1021254344,874208,35551836,13466112,39984,823353,8543185,45310,3,20.2,39850,1962,294,18,7
memtier_memcached,4,1,312796.25,11.194,80832,605972142,7.50,9788499819,121.10,10394471961,853906542,757006,31588796,9722112,25629,855792,8161931,81053,5,7.5,25600,973,363,10,2
memtier_memcached,8,1,306905.14,10.247,96682,737702341,7.63,11893136332,123.01,12630838673,772665371,685203,26155265,7994880,22578,867117,8557268,96907,8,0.6,12585,675,75,9,4
memtier_memcached,12,1,309955.21,11.299,98416,751958238,7.64,11789903805,119.80,12541862043,826500024,682310,34239358,11147264,21911,866306,8037389,98673,8,0.0,19665,893,10,6,1
memtier_memcached,16,1,310720.33,11.301,103174,756703107,7.33,12383460558,120.03,13140163665,678566469,636392,20585233,8788992,17087,865874,7967037,103435,8,0.0,14660,137,320,3,1
memtier_memcached,1,2,311835.10,11.210,25828,238668302,9.24,4886631729,189.20,5125300031,1168058403,794995,65440496,25966080,50641,746023,7576662,26020,2,45.3,66563,4832,733,32,22
memtier_memcached,2,2,320570.02,11.226,45375,381769468,8.41,6707592999,147.83,7089362467,926133258,777433,36529138,14885376,38900,814251,7932904,45598,3,20.0,36271,715,167,10,10
memtier_memcached,4,2,317413.28,11.166,81486,632705497,7.76,10189919838,125.05,10822625335,605437826,674830,20204083,8015360,20910,853266,7971649,81664,5,7.7,13069,1006,36,7,4
memtier_memcached,8,2,314047.70,11.186,97428,743579280,7.63,11664777022,119.73,12408356302,720778443,662881,28499769,8880128,23135,870029,8006179,97650,8,0.3,12659,454,0,7,4
memtier_memcached,12,2,311736.35,11.156,99852,770778409,7.72,11527552297,115.45,12298330706,621682571,686522,14107132,6756352,21285,868381,8059145,100138,8,0.0,11720,518,239,5,4
memtier_memcached,16,2,308039.34,10.289,103661,751599488,7.25,12032835760,116.08,12784435248,730223165,714843,25707156,8013056,17933,863856,8078304,104178,9,0.0,6716,857,260,7,0
memtier_memcached,pv,2,287569.37,11.306,0,0,0,0,0,0,1637484064,927182,226164799,65961984,0,0,0,0,0,0.0,123229,0,0,0,0
memtier_memcached,2,3,316622.89,11.284,45076,368431555,8.17,6562966015,145.60,6931397570,1047208903,885887,39402057,12847360,302728,431402,9071851,45231,3,20.0,41429,1558,124,14,8
memtier_memcached,4,3,317813.00,11.183,80120,670283001,8.37,10030199950,125.19,10700482951,768784466,775470,25695998,9646336,25650,856863,8145423,80550,5,7.6,23180,204,119,5,5
memtier_memcached,8,3,309079.84,11.296,106096,791735475,7.46,12503524861,117.85,13295260336,750641598,657794,31638215,10506496,14905,868700,7992287,106344,8,0.3,7375,849,93,9,1
memtier_memcached,12,3,308330.66,11.293,100017,751707104,7.52,11890185620,118.88,12641892724,774165136,656410,27949073,9288448,24549,858171,7968519,100269,9,0.0,11525,427,217,3,4
memtier_memcached,16,3,308081.83,11.189,100633,720576723,7.16,11985548441,119.10,12706125164,705687337,636806,36371138,11796480,23673,855417,7881347,100863,9,0.0,21417,1159,0,4,4
memtier_memcached,pv,3,294942.69,11.158,0,0,0,0,0,0,1500877551,965995,193936187,56229888,0,0,0,0,0,0.0,120750,0,0,0,0
memtier_memcached,1,3,320569.71,10.192,26607,279853724,10.52,4320522343,162.38,4600376067,884398155,780767,40887330,20219648,319517,405155,7730316,26704,2,45.1,62778,2445,589,14,12
nhextend_full,pv,1,261166,8.027,0,0,0,0,0,0,419696639,86250,8095657,983040,0,0,0,0,0,0.0,487,0,0,0,0
nhextend_full,1,1,323913,8.032,9575,63988056,6.68,1275168558,133.18,1339156614,331377314,114669,9996239,443648,5914,315292,3586359,9698,2,16.3,93,10,3,1,0
nhextend_full,2,1,332174,8.026,8415,61360678,7.29,862473693,102.49,923834371,301183100,102155,5153626,481024,1130,330706,3663312,8429,2,1.3,142,16,6,2,1
nhextend_full,4,1,333954,8.045,7775,63334938,8.15,595011926,76.53,658346864,332379425,113584,9453886,738816,1605,335026,3677897,7815,4,0.0,113,3,2,1,0
nhextend_full,8,1,335424,8.026,8125,68746939,8.46,743409043,91.50,812155982,291955439,113152,9277910,327680,1920,334656,3715908,8158,4,0.0,70,6,0,0,0
nhextend_full,12,1,334255,8.052,9036,76377854,8.45,1192093027,131.93,1268470881,264185910,113780,9275844,327680,504,334647,3708543,9067,5,0.0,12,2,0,0,0
nhextend_full,16,1,335835,8.026,8086,88533903,10.95,691370287,85.50,779904190,304267437,113642,9586710,1099264,814,337029,3708964,8108,5,0.0,71,4,2,0,0
nhextend_full,1,2,327638,8.041,9890,76608155,7.75,1218097452,123.16,1294705607,367231933,117130,5411427,509184,2546,320522,3643664,9910,2,16.5,159,22,3,4,1
nhextend_full,2,2,333020,8.026,10884,115233392,10.59,1517378154,139.41,1632611546,289697638,110976,9300227,458752,2065,329497,3719626,10938,2,3.6,70,7,0,0,0
nhextend_full,4,2,333683,8.026,8514,64307078,7.55,853858299,100.29,918165377,202619436,100094,4417827,477440,1790,331756,3691332,8536,4,0.0,38,4,1,1,0
nhextend_full,8,2,334443,8.027,7952,51284367,6.45,472615770,59.43,523900137,197948662,112703,5253402,131072,1912,332883,3676568,8155,7,0.0,803,125,0,0,0
nhextend_full,12,2,334669,8.026,7403,48268529,6.52,521533814,70.45,569802343,139439330,83154,3428411,163840,2819,331084,3687432,7423,5,0.0,71,126,0,0,0
nhextend_full,16,2,335295,8.050,7597,50263666,6.62,555699844,73.15,605963510,140255950,101833,3094231,98304,1813,334045,3676216,7616,6,0.0,17,0,0,0,0
nhextend_full,pv,2,258857,8.046,0,0,0,0,0,0,266242368,87360,5257193,491520,0,0,0,0,0,0.0,219,0,0,0,0
nhextend_full,2,3,336284,8.041,7442,45324571,6.09,513286677,68.97,558611248,138970447,105539,3141347,150016,1387,332368,3691252,7456,2,0.9,37,0,1,0,0
nhextend_full,4,3,336868,8.029,7432,46087238,6.20,485009517,65.26,531096755,244985411,111073,8910790,143104,1198,335216,3688918,7456,4,0.0,17,1,103,0,0
nhextend_full,8,3,334961,8.028,7540,51406166,6.82,540684205,71.71,592090371,142781254,94558,3068763,327680,1072,332036,3673667,7558,5,0.0,275,8,0,0,0
nhextend_full,12,3,334769,8.029,7652,50115780,6.55,502701266,65.70,552817046,250315243,111729,9130070,131072,1100,333002,3746398,7732,5,0.0,20,0,0,0,0
nhextend_full,16,3,331918,8.026,6802,42217667,6.21,490933494,72.17,533151161,168126601,101098,3969432,360448,8817,323434,3648588,6818,4,0.0,221,2,0,0,0
nhextend_full,pv,3,269593,8.026,0,0,0,0,0,0,335848606,93213,7161499,950272,0,0,0,0,0,0.0,298,0,0,0,0
nhextend_full,1,3,330336,8.044,5329,33510415,6.29,468787540,87.97,502297955,217980335,100119,4706290,360448,19937,309917,3616373,5360,2,7.1,1328,1,0,0,0
schbench,pv,1,3108.47,15.045,0,0,0,0,0,0,475121312,34288,11614804,7733248,0,0,0,0,0,0.0,4288,0,0,0,0
schbench,1,1,3191.60,15.037,7979,155197296,19.45,3845227182,481.92,4000424478,454017069,31796,6337080,10035712,2005,72000,358120,8114,1,24.3,8509,641,229,5,2
schbench,2,1,3144.33,15.045,9480,218556788,23.05,5190482674,547.52,5409039462,398257019,15830,3819313,11796480,2363,71206,373753,9642,2,5.1,5772,731,0,9,2
schbench,4,1,3140.53,15.040,9952,238495049,23.96,5569731254,559.66,5808226303,351164105,20543,3002195,10573568,2384,71932,362200,10082,4,0.2,3455,308,195,5,3
schbench,8,1,3146.87,15.047,10154,212245102,20.90,5598055759,551.32,5810300861,408139887,21347,3907077,9961472,2466,71826,394520,10265,5,0.0,5527,724,150,6,3
schbench,12,1,3115.40,15.056,9986,205948384,20.62,5658140819,566.61,5864089203,367219718,9970,2796839,10387456,2354,71217,378013,10109,6,0.0,3801,609,0,2,1
schbench,16,1,3145.20,15.046,10247,201734514,19.69,5494632626,536.22,5696367140,368089146,19578,3239648,10485760,2092,72703,448699,10321,4,0.0,2787,440,2,5,3
schbench,1,2,3178.53,15.032,8184,152293178,18.61,3984287694,486.84,4136580872,491751145,27853,6726139,9673728,1859,71615,373399,8267,2,24.0,5213,969,579,9,1
schbench,2,2,3143.27,15.046,9713,179509397,18.48,5040802915,518.97,5220312312,364795965,23389,2972700,9410560,1819,72039,421315,9780,2,4.6,5414,457,1,3,2
schbench,4,2,3128.60,15.084,10111,216855679,21.45,5593000115,553.16,5809855794,436827776,19157,4648328,11436032,1897,72336,385676,10286,4,0.2,6057,738,31,8,2
schbench,8,2,3117.80,15.059,10532,179696896,17.06,5602086890,531.91,5781783786,424283369,53022,6185360,8683520,1863,84615,1012128,10613,8,0.0,4085,283,0,3,2
schbench,12,2,3118.87,15.036,10313,231045816,22.40,5643405975,547.21,5874451791,337761628,32637,2795268,9830400,1697,72405,418487,10460,5,0.0,1172,676,0,4,1
schbench,16,2,3117.60,15.085,10284,207268359,20.15,5633967821,547.84,5841236180,443091693,21731,4648473,9797632,1665,72587,440278,10441,6,0.0,3513,909,0,6,2
schbench,pv,2,3087.60,15.057,0,0,0,0,0,0,330498591,33792,6201991,5079040,0,0,0,0,0,0.0,4729,0,0,0,0
schbench,2,3,3131.00,15.044,9662,171845669,17.79,4887761156,505.87,5059606825,361736952,30632,8589875,6914048,1762,74136,458631,9747,2,4.0,1416,240,0,2,0
schbench,4,3,3102.40,15.046,9815,210881520,21.49,5387104630,548.86,5597986150,464016826,30707,8970779,10780672,1873,73702,382420,10056,4,0.2,3503,594,0,5,3
schbench,8,3,3099.33,15.038,10155,249531700,24.57,5592708281,550.73,5842239981,437780576,21529,4840956,10616832,1831,71941,390968,10264,5,0.0,3799,1037,0,11,5
schbench,12,3,3111.67,15.043,10046,188896532,18.80,5326230599,530.18,5515127131,301685640,17217,3372771,8421376,1682,72423,414090,10175,7,0.0,1971,948,0,5,2
schbench,16,3,3120.47,15.095,10245,239750791,23.40,5621432093,548.70,5861182884,327363581,2249,2661552,9863168,1699,71516,360746,10415,5,0.0,2588,818,0,6,1
schbench,pv,3,3125.67,15.026,0,0,0,0,0,0,256807629,14461,3256552,5472256,0,0,0,0,0,0.0,4834,0,0,0,0
schbench,1,3,3162.60,15.034,8252,160020445,19.39,3824898035,463.51,3984918480,297187058,21858,3451164,7578112,1627,71428,347449,8307,2,23.2,3130,510,1,2,1
parsec_vips,pv,1,18.5710,18.571,0,0,0,0,0,0,146985473,47504,4434605,557056,0,0,0,0,0,0.0,1363,0,0,0,0
parsec_vips,1,1,11.7350,11.735,2725,81255914,29.82,5852987897,2147.89,5934243811,105866042,40473,2956908,425984,575,43374,712682,2852,2,43.2,796,93,0,2,0
parsec_vips,2,1,11.4974,11.497,3867,52991018,13.70,8113915951,2098.25,8166906969,132248634,38943,4825444,163840,471,50919,728400,3893,2,9.7,0,0,0,0,0
parsec_vips,4,1,11.1125,11.113,3848,66793653,17.36,7417256832,1927.56,7484050485,43506794,30704,603988,327680,574,61511,1365360,3875,4,0.4,14,0,0,0,0
parsec_vips,8,1,11.7219,11.722,4314,64855487,15.03,8743788133,2026.84,8808643620,166761752,46133,6779214,491520,785,68685,1421354,4675,5,0.0,71,37,0,0,1
parsec_vips,12,1,11.7503,11.750,4130,57396616,13.90,8646407016,2093.56,8703803632,164944594,37221,5726553,327680,528,53055,749303,4433,5,0.0,1097,286,0,1,0
parsec_vips,16,1,12.2602,12.260,4741,65059725,13.72,9538727341,2011.97,9603787066,103730389,26752,2546576,327680,661,58059,754448,4770,5,0.0,22,2,0,0,1
parsec_vips,1,2,12.5386,12.539,3074,58567153,19.05,6862323399,2232.38,6920890552,204332392,38163,7113907,541696,499,58800,1374521,3107,2,45.5,1516,412,292,2,1
parsec_vips,2,2,10.2654,10.265,3355,56389636,16.81,6504288070,1938.68,6560677706,147428465,37885,3362404,647936,616,60166,1373169,3467,3,9.0,2872,217,216,0,1
parsec_vips,4,2,12.4227,12.423,4493,63523334,14.14,9279182260,2065.25,9342705594,118946097,33169,4199486,491520,663,59101,743577,4593,4,0.2,9,132,0,0,0
parsec_vips,8,2,10.3634,10.363,3712,59432464,16.01,7092926006,1910.81,7152358470,194314140,40821,8539775,262144,537,53878,728762,3766,5,0.0,0,144,0,1,0
parsec_vips,12,2,12.0302,12.030,4163,66600270,16.00,9058226236,2175.89,9124826506,228225197,67280,8108015,425984,511,63278,1364819,4255,6,0.0,48,8,0,2,0
parsec_vips,16,2,10.6329,10.633,4607,61694181,13.39,7570103186,1643.17,7631797367,140245140,61105,3545547,688128,625,63603,1374366,4634,8,0.0,131,39,0,2,1
parsec_vips,pv,2,17.9126,17.913,0,0,0,0,0,0,191652995,52990,9867122,2818048,0,0,0,0,0,0.0,1196,0,0,0,0
parsec_vips,2,3,12.1313,12.131,3579,72137501,20.16,8138669057,2274.01,8210806558,212254884,33507,6071903,1242368,485,48181,723222,3609,2,9.4,3117,1054,787,7,3
parsec_vips,4,3,11.1659,11.166,3523,57406731,16.29,7255402787,2059.44,7312809518,131764031,31980,5458911,393216,396,49669,714220,3609,4,0.2,0,0,0,0,0
parsec_vips,8,3,12.0253,12.025,4149,96553692,23.27,8856954660,2134.72,8953508352,192734103,36402,6702935,589824,588,53577,750534,4215,5,0.0,307,0,0,0,0
parsec_vips,12,3,12.2569,12.257,4185,64542584,15.42,8535405906,2039.52,8599948490,93286946,24191,2491071,370688,646,51249,740624,4271,5,0.0,864,122,4,1,0
parsec_vips,16,3,12.5401,12.540,4360,70450787,16.16,9454006710,2168.35,9524457497,67254316,22376,1783639,294912,594,51907,745239,4384,6,0.0,145,1,0,0,0
parsec_vips,pv,3,15.0769,15.077,0,0,0,0,0,0,100091760,42779,2775221,229376,0,0,0,0,0,0.0,202,0,0,0,0
parsec_vips,1,3,13.0678,13.068,3022,43012736,14.23,6477693723,2143.51,6520706459,141765009,47168,3481671,665344,503,59078,1369831,3094,2,41.4,52,0,130,0,0
tinyconfig,pv,1,30.2928,30.293,0,0,0,0,0,0,5208322586,110327,126327166,22446080,0,0,0,0,0,0.0,82470,0,0,0,0
tinyconfig,1,1,28.2122,28.212,13807,362841063,26.28,13328402808,965.34,13691243871,2318283972,79928,37629190,14108416,10348,352621,6200323,13940,2,45.9,61293,5151,549,18,8
tinyconfig,2,1,27.2337,27.234,21214,368126579,17.35,21587925745,1017.63,21956052324,1261428585,100981,24672434,7951616,11341,364090,5565645,21345,3,25.2,19296,1298,324,17,8
tinyconfig,4,1,27.8228,27.823,28085,405809344,14.45,29390679515,1046.49,29796488859,971012221,81312,19793838,8039168,9797,392547,5588911,28274,4,3.9,13347,531,275,2,4
tinyconfig,8,1,28.3299,28.330,28011,363639458,12.98,30548938861,1090.61,30912578319,663213229,83765,15004546,5339392,6394,405894,5584162,28227,8,0.0,5555,972,31,7,3
tinyconfig,12,1,28.2401,28.240,27279,365275788,13.39,30294496283,1110.54,30659772071,755761508,53699,16482825,7223040,6437,405072,5606260,27491,7,0.0,9039,1037,6,16,3
tinyconfig,16,1,27.9335,27.933,26918,338071095,12.56,29661201643,1101.91,29999272738,688437012,101630,14041468,4835584,10387,451257,6833673,27111,8,0.0,8352,759,94,8,3
tinyconfig,1,2,27.3962,27.396,13409,360913127,26.92,12651571165,943.51,13012484292,2010399404,89089,37359475,13365760,11195,338168,5496315,13516,2,44.4,46175,3882,823,24,11
tinyconfig,2,2,27.6538,27.654,19510,411167926,21.07,20937525460,1073.17,21348693386,1426170765,90993,24457142,9787392,10805,372732,5513875,19732,3,23.8,28046,1568,597,8,6
tinyconfig,4,2,28.3755,28.376,25179,360163631,14.30,27875279312,1107.08,28235442943,617237974,78879,12838278,5414400,8353,402839,5571735,25334,4,3.1,7059,301,273,3,2
tinyconfig,8,2,28.3076,28.308,27506,323137042,11.75,31031985542,1128.19,31355122584,911956562,78943,24655008,5384704,7418,409612,5581994,27611,8,0.0,9911,1459,26,3,4
tinyconfig,12,2,28.2089,28.209,26280,285072173,10.85,29377151448,1117.85,29662223621,562601142,62790,11498621,4965376,6440,410448,5570237,26387,8,0.0,6973,726,283,5,3
tinyconfig,16,2,28.3920,28.392,26506,283681066,10.70,28463631194,1073.86,28747312260,518102609,68502,8474833,4036096,6585,411244,5581066,26583,9,0.0,9011,703,558,6,2
tinyconfig,pv,2,29.7629,29.763,0,0,0,0,0,0,5838530420,130282,145064545,20971520,0,0,0,0,0,0.0,104939,0,0,0,0
tinyconfig,2,3,27.5636,27.564,19979,455616064,22.80,20886485549,1045.42,21342101613,1351907541,85342,23842033,9516544,13066,364985,5539179,20184,3,23.3,24241,1919,383,25,7
tinyconfig,4,3,28.2404,28.240,26359,374707310,14.22,28285124139,1073.07,28659831449,651682909,54957,14494294,4421888,7492,398048,5566542,26539,5,3.0,11096,672,237,4,6
tinyconfig,8,3,28.2665,28.267,26341,349565320,13.27,29271990956,1111.27,29621556276,549549403,53993,11296907,4087296,7801,403218,5583418,26439,8,0.0,7246,597,142,4,1
tinyconfig,12,3,28.6178,28.618,27577,307391831,11.15,29713177980,1077.46,30020569811,818712952,74096,17394902,4988416,7802,403791,5590359,27692,8,0.0,10865,1122,14,12,1
tinyconfig,16,3,28.0180,28.018,25908,291387180,11.25,27435485053,1058.96,27726872233,541615509,52813,8706450,3720960,6511,400476,5569630,25987,8,0.0,10182,1318,349,7,4
tinyconfig,pv,3,30.1386,30.139,0,0,0,0,0,0,5457862192,95831,132750118,17989632,0,0,0,0,0,0.0,104863,0,0,0,0
tinyconfig,1,3,27.8551,27.855,14045,410488891,29.23,12765302524,908.89,13175791415,2786982986,86117,41617907,14844416,10999,335912,5472689,14171,2,45.0,88570,6889,868,38,15
