workload,arm_ns,rep,perf,dur_s,ipi,wait_ns,wait_events,migs,mig_n,mig_disp_ns,mig_move_ns,mig_cost_ns,mig_rqwait_ns,g1_reject,sc_max,sc_at_cap,sc_samples
hackbench_pipe_thr,0,1,55.4293,18.047,359219,67869985081,3970691,0,0,0,0,0,0,0,0,0,0
hackbench_pipe_thr,2,1,151.2173,6.637,161442,10089771950,3062663,21147,21193,29703820,214331734,244035554,4728479185,0,3,2487,11492
hackbench_pipe_thr,4,1,176.1184,5.690,140392,5541298195,2796605,22367,22389,29785768,191499753,221285521,5232328642,115297,4,962,10205
hackbench_pipe_thr,8,1,199.2032,5.033,87611,3429963707,2451797,20242,20256,28363845,118470411,146834256,5300640921,481052,8,44,9164
hackbench_pipe_thr,16,1,206.0157,4.877,76135,2908982426,2422737,19449,19483,27129974,117958161,145088135,5152875474,478666,8,0,8739
hackbench_pipe_thr,2,2,164.8533,6.077,155163,9520203876,3087220,13768,13791,21254013,119699520,140953533,3977817518,530776,3,2227,10676
hackbench_pipe_thr,4,2,183.8911,5.469,131268,5490414327,2784788,18771,18796,26115179,133523383,159638562,5125961332,512653,4,1081,9795
hackbench_pipe_thr,8,2,198.6887,5.053,93057,3402296812,2394993,18663,18674,27882543,110302601,138185144,4934173268,486878,8,32,9218
hackbench_pipe_thr,16,2,201.2072,4.988,86952,3184326013,2430393,18883,18901,27224502,112582975,139807477,5100280642,481692,8,0,9033
hackbench_pipe_thr,0,2,57.0125,17.581,362878,71026106673,4341687,0,0,0,0,0,0,0,0,0,0
hackbench_pipe_thr,4,3,167.1961,5.996,140203,6754540143,2932342,30038,30047,44135480,292289760,336425240,5911297891,0,5,835,10394
hackbench_pipe_thr,8,3,182.1162,5.506,110884,4433360843,2602176,28038,28061,46388474,246188819,292577293,5471647137,185909,8,34,9658
hackbench_pipe_thr,16,3,198.0983,5.067,95878,3312081279,2495002,20062,20084,27705434,140660120,168365554,5033931496,490550,8,0,9090
hackbench_pipe_thr,0,3,56.0947,17.861,343402,69448654388,4009698,0,0,0,0,0,0,0,0,0,0
hackbench_pipe_thr,2,3,153.7279,6.512,162708,10465080625,3050662,15427,15452,22136577,143152635,165289212,4308049794,0,3,2302,11347
hackbench_pipe_thr,8,4,190.1502,5.271,103326,3968573571,2532376,25244,25265,35181452,205346420,240527872,5022705271,15,8,42,9314
hackbench_pipe_thr,16,4,197.5504,5.088,90245,3480612808,2488703,19886,19905,27248025,124000704,151248729,4994313008,476667,8,0,9146
hackbench_pipe_thr,0,4,52.5348,19.054,418944,71771161623,4451026,0,0,0,0,0,0,0,0,0,0
hackbench_pipe_thr,2,4,168.7194,5.952,147530,9441156283,3033591,14354,14376,23254636,138133548,161388184,3877676473,0,3,2179,10517
hackbench_pipe_thr,4,4,188.5370,5.321,113312,5336447235,2741254,17732,17746,25616163,132724939,158341102,4873897090,0,4,951,9574
hackbench_pipe_thr,16,5,198.9258,5.039,83902,3525082167,2505984,21151,21170,28474236,138662118,167136354,5251525969,448106,8,0,9104
hackbench_pipe_thr,0,5,58.3703,17.189,343660,68865940936,4207890,0,0,0,0,0,0,0,0,0,0
hackbench_pipe_thr,2,5,163.5590,6.138,162450,10302956553,3094021,17639,17652,24936614,168334288,193270902,4328595092,0,3,2340,10907
hackbench_pipe_thr,4,5,175.4078,5.715,141090,5841419257,2819004,31554,31589,42487869,307627535,350115404,5720852582,135387,5,891,10203
hackbench_pipe_thr,8,5,183.2845,5.468,105259,4178775311,2600981,29580,29608,42824777,258449473,301274250,5642597971,485531,8,12,9687
ebizzy_mmap,0,1,984.0000,15.113,207487,2874899852,171219,0,0,0,0,0,0,0,0,0,0
ebizzy_mmap,2,1,1436.0000,15.062,286788,2044011221,255817,6711,6730,17933552,100202081,118135633,1641844191,96948,2,147,24105
ebizzy_mmap,4,1,1428.0000,15.055,291671,1723312974,253462,7900,7918,27222304,119570926,146793230,1976149503,95766,4,3,24084
ebizzy_mmap,8,1,1488.0000,15.079,308731,1432003288,275516,8003,8019,22411380,102355015,124766395,2230668190,99237,5,0,23993
ebizzy_mmap,16,1,1421.0000,15.045,284239,1339860831,250847,6241,6259,31256055,94522181,125778236,1723050871,94572,5,0,24132
ebizzy_mmap,2,2,1392.0000,15.037,272579,1759121490,238722,4513,4526,30918437,79220203,110138640,1200666786,89911,2,83,24213
ebizzy_mmap,4,2,1356.0000,15.067,265139,1900186356,229188,4730,4744,13693439,68890423,82583862,1555456572,86288,3,0,23934
ebizzy_mmap,8,2,1349.0000,15.060,267383,1918351832,231503,4553,4570,19975904,62799131,82775035,1402894152,84107,3,0,24189
ebizzy_mmap,16,2,1393.0000,15.053,274954,1624749222,240263,4393,4406,18742172,62740647,81482819,1228123611,87557,3,0,24311
ebizzy_mmap,0,2,1040.0000,15.082,223498,2706954456,189428,0,0,0,0,0,0,0,0,0,0
ebizzy_mmap,4,3,1447.0000,15.060,315058,1803489400,263186,9533,9557,31317699,150724314,182042013,2341250047,96053,3,0,24063
ebizzy_mmap,8,3,1460.0000,15.072,294836,1834118683,256933,7703,7721,35525696,149975639,185501335,1943278960,98867,4,0,23650
ebizzy_mmap,16,3,1455.0000,15.058,292432,1700188571,257018,7829,7846,28329581,117828485,146158066,2103986739,99384,4,0,23863
ebizzy_mmap,0,3,987.0000,15.122,209243,2822739776,177698,0,0,0,0,0,0,0,0,0,0
ebizzy_mmap,2,3,1436.0000,15.082,289353,1698133687,251450,7573,7589,23154706,101633030,124787736,1838086672,96760,2,192,23917
ebizzy_mmap,8,4,1429.0000,15.054,286721,1611727583,251402,7620,7637,19496993,113464268,132961261,1958829004,96839,5,0,24139
ebizzy_mmap,16,4,1457.0000,15.043,295307,1495349429,259783,7776,7791,21177298,106800209,127977507,2122721451,99734,5,0,23991
ebizzy_mmap,0,4,1043.0000,15.102,232304,2442209068,205687,0,0,0,0,0,0,0,0,0,0
ebizzy_mmap,2,4,1472.0000,15.046,300844,1316948685,273573,6945,6951,16014901,77629626,93644527,1869294436,96895,2,178,23955
ebizzy_mmap,4,4,1439.0000,15.060,290481,1224354692,254890,6598,6612,20615851,92131267,112747118,1878969740,95981,4,6,23792
ebizzy_mmap,16,5,1376.0000,15.060,275556,1928767568,241248,4912,4930,23486235,72225783,95712018,1282315125,89488,4,0,24151
ebizzy_mmap,0,5,965.0000,15.082,198165,2516408544,162454,0,0,0,0,0,0,0,0,0,0
ebizzy_mmap,2,5,1368.0000,15.048,269995,1830825368,233978,4738,4752,14730074,70684131,85414205,1442378626,87667,2,52,23914
ebizzy_mmap,4,5,1360.0000,15.038,268212,1826927983,231795,4716,4727,26415444,69168742,95584186,1447566691,86951,4,2,24566
ebizzy_mmap,8,5,1390.0000,15.034,271807,1940820844,237976,4461,4471,14031185,55175287,69206472,1289333768,88163,5,0,24116
parsec_dedup,0,1,15.0633,66.409,2251517,257610955,43096,0,0,0,0,0,0,0,0,0,0
parsec_dedup,2,1,56.6405,17.678,6402614,182314180,125463,7407,7441,16209579,44527243,60736822,12164157013,211622,3,2314,22089
parsec_dedup,4,1,74.4458,13.454,3136854,174577930,83355,8373,8408,17973693,63214153,81187846,11530328773,144134,4,394,17956
parsec_dedup,8,1,59.3927,16.857,5709833,215208205,107845,13833,13856,29110355,116835893,145946248,18678479528,194574,8,35,20638
parsec_dedup,16,1,68.5960,14.600,6231015,159899749,124621,11313,11329,19972521,78925024,98897545,17265536622,200273,10,0,18011
parsec_dedup,2,2,67.9376,14.746,2242209,196876795,44545,5943,5965,28115419,63155139,91270558,8811065287,115665,2,1836,19647
parsec_dedup,4,2,71.7211,13.970,6242773,168426507,124492,7387,7414,13526160,46905396,60431556,13037861823,200486,4,379,17862
parsec_dedup,8,2,102.6894,9.758,1536943,49235066,27992,4836,4871,16892794,36047076,52939870,8439188690,95920,8,47,14534
parsec_dedup,16,2,101.6704,9.860,2026943,46948885,39655,5033,5070,8722892,31657930,40380822,9028498978,95738,8,0,14992
parsec_dedup,0,2,22.6033,44.264,1240343,107501713,27439,0,0,0,0,0,0,0,0,0,0
parsec_dedup,4,3,93.1029,10.758,1808283,41136523,30208,4727,4766,11846714,29723745,41570459,7884036294,101045,4,322,15659
parsec_dedup,8,3,92.5164,10.826,2911493,73959771,55041,5877,5909,14158064,35575044,49733108,10849153410,125587,8,45,15636
parsec_dedup,16,3,94.4644,10.606,1834466,52870628,38983,5500,5532,13946993,41159428,55106421,9973973913,93515,8,0,15327
parsec_dedup,0,3,22.2598,44.961,1481171,177555250,33260,0,0,0,0,0,0,0,0,0,0
parsec_dedup,2,3,86.1171,11.629,1781804,45763137,34856,4057,4081,7362614,33341710,40704324,5419872228,100826,2,1114,16740
parsec_dedup,8,4,78.9422,12.685,6581880,154484763,130115,8425,8449,15902219,42661686,58563905,13919903399,192702,8,78,16657
parsec_dedup,16,4,70.0079,14.308,6237858,147769699,130335,8797,8830,17026105,51584586,68610691,15395625556,202902,8,0,18373
parsec_dedup,0,4,20.6310,48.542,1469777,268902996,43693,0,0,0,0,0,0,0,0,0,0
parsec_dedup,2,4,72.8359,13.747,2081667,97782975,45464,5071,5098,20963472,38347860,59311332,7088894643,114316,2,1310,18662
parsec_dedup,4,4,86.6949,11.552,1885397,67895860,39005,4848,4881,11204701,39313804,50518505,7530409619,105164,5,215,16302
parsec_dedup,16,5,61.4130,16.301,6455047,172156343,137848,9738,9758,22245068,55227903,77472971,16933275896,211060,8,0,19667
parsec_dedup,0,5,14.9529,66.916,2533883,220780442,52435,0,0,0,0,0,0,0,0,0,0
parsec_dedup,2,5,58.2632,17.185,4995053,155019269,105199,7022,7048,19683995,59019972,78703967,11106950122,180312,2,2130,21750
parsec_dedup,4,5,61.1449,16.381,6220117,172166178,122050,8354,8380,23614359,69039667,92654026,14612657333,205956,5,395,20507
parsec_dedup,8,5,68.6186,14.593,2573332,92701751,54076,8317,8349,19839032,73736683,93575715,10444913131,124899,8,8,19696
dbench_16,0,1,233.2870,18.162,162289,4695444038,90512,0,0,0,0,0,0,0,0,0,0
dbench_16,2,1,275.6390,18.134,233645,3613966303,98744,47358,47391,70293985,460834292,531128277,1996662632,364605,3,826,31617
dbench_16,4,1,263.3320,18.134,228919,3573668305,97474,51875,51895,78087900,454249464,532337364,2277337136,373688,4,71,31601
dbench_16,8,1,268.3180,18.147,232036,3591029258,97630,53860,53883,79181079,477029340,556210419,2553674863,373639,6,0,31529
dbench_16,16,1,271.0890,18.125,229839,3621758471,102831,52325,52339,80185433,441111925,521297358,2420135687,377314,8,0,31308
dbench_16,2,2,267.3480,18.134,223515,3474608224,95691,44042,44054,68183218,439206390,507389608,1842712564,356115,3,761,31235
dbench_16,4,2,267.9680,18.132,234456,3663389607,100390,52040,52062,79459060,493663183,573122243,2882862881,365807,4,57,31304
dbench_16,8,2,273.7280,18.150,230925,3676601462,98233,50567,50590,73013241,440577132,513590373,2058445080,374711,6,0,31288
dbench_16,16,2,267.6820,18.123,233911,3705759873,134794,50885,50904,79473579,464170425,543644004,3178774004,372552,8,0,31029
dbench_16,0,2,232.4670,18.150,164309,5477986387,92275,0,0,0,0,0,0,0,0,0,0
dbench_16,4,3,257.6110,18.125,238631,3700665022,102154,56561,56579,84146667,612620527,696767194,4056915924,340647,4,60,30942
dbench_16,8,3,271.2680,18.142,227166,3613143046,99002,49916,49935,74413191,430033350,504446541,2062720043,371329,6,0,31157
dbench_16,16,3,264.0530,18.157,254847,3808751726,105051,66265,66301,98664945,695207108,793872053,3707329564,354710,8,0,31190
dbench_16,0,3,256.2310,18.165,182238,5215004813,107797,0,0,0,0,0,0,0,0,0,0
dbench_16,2,3,267.5870,18.156,245320,3649619168,103087,56122,56150,83976933,597287977,681264910,3082413405,348291,3,1006,31230
dbench_16,8,4,268.6110,18.122,237385,3650707316,104587,55813,55839,88215604,496828006,585043610,2061972865,372136,8,5,31731
dbench_16,16,4,278.7470,18.122,242793,3658531767,106479,57451,57476,82355021,498684349,581039370,2023235496,382581,6,0,31800
dbench_16,0,4,249.9410,18.152,178045,4950807961,102257,0,0,0,0,0,0,0,0,0,0
dbench_16,2,4,273.4640,18.123,239314,3822466205,104205,50481,50490,74229321,523870823,598100144,2081080793,354617,3,850,31211
dbench_16,4,4,270.2270,18.157,238665,3885849308,102400,54030,54045,87702393,524261887,611964280,2211802503,363189,4,45,31122
dbench_16,16,5,271.5110,18.121,242110,3683055501,105737,57469,57481,83776062,526467471,610243533,1854468233,372412,6,0,31566
dbench_16,0,5,254.1870,18.134,178072,4746853780,104675,0,0,0,0,0,0,0,0,0,0
dbench_16,2,5,268.8540,18.148,224911,3611779052,94473,44954,44971,65671373,450150416,515821789,2367263317,349212,3,852,30919
dbench_16,4,5,261.8400,18.129,232100,3637348741,99812,53413,53438,79021386,548224225,627245611,3686655771,345085,4,64,31223
dbench_16,8,5,268.0930,18.136,234589,3562309469,99716,55601,55614,78430946,530438753,608869699,3151092990,365175,7,0,30986
sysbench_mutex,0,1,162.6254,6.203,2805,133992234,96239,0,0,0,0,0,0,0,0,0,0
sysbench_mutex,2,1,222.1136,4.530,2462,99995013,93784,2687,2709,4856779,13882672,18739451,4177806816,167111,2,1393,7909
sysbench_mutex,4,1,219.1060,4.604,2648,34920948,78756,4564,4583,8059763,24409980,32469743,6346663826,158426,4,313,7401
sysbench_mutex,8,1,210.9260,4.766,2285,20957673,71110,4336,4360,8647550,20203407,28850957,6065821385,156688,8,3,7271
sysbench_mutex,16,1,218.0835,4.620,2883,30124461,73880,5350,5364,7873347,29391546,37264893,6121880901,160799,8,0,7072
sysbench_mutex,2,2,223.5536,4.503,2326,48380622,88392,2950,2973,4208802,14727593,18936395,4268941440,162400,3,1665,7834
sysbench_mutex,4,2,219.1156,4.599,2252,24820463,74125,4095,4113,6837673,24076118,30913791,5426993471,157905,4,204,7252
sysbench_mutex,8,2,214.5739,4.697,2465,24692854,83212,4738,4763,7159402,24353287,31512689,6912442389,172217,8,7,7090
sysbench_mutex,16,2,211.1754,4.775,3021,38622478,93328,5396,5411,10072969,27298404,37371373,6801679323,187320,8,0,7166
sysbench_mutex,0,2,166.5973,6.034,2863,116769513,93401,0,0,0,0,0,0,0,0,0,0
sysbench_mutex,4,3,215.8009,4.663,2394,37871073,75123,3794,3808,9679455,27533998,37213453,6583593641,153728,4,330,7232
sysbench_mutex,8,3,217.0280,4.642,2108,32862499,78226,4277,4289,8899034,21712555,30611589,6920979549,168655,8,1,6782
sysbench_mutex,16,3,213.0561,4.740,2839,53709831,78295,5445,5465,10549829,31691905,42241734,7201004804,165701,8,0,7293
sysbench_mutex,0,3,168.5232,6.042,2981,143009985,91357,0,0,0,0,0,0,0,0,0,0
sysbench_mutex,2,3,218.7418,4.605,2723,72352711,94617,2855,2864,7299901,18745258,26045159,4415329147,168677,3,1338,7726
sysbench_mutex,8,4,216.7364,4.654,2269,29223596,83963,4697,4714,7066231,27435150,34501381,6846826399,174438,8,1,7356
sysbench_mutex,16,4,211.6268,4.770,2941,30400954,97813,5408,5438,8039362,31677592,39716954,6907806093,196122,7,0,7035
sysbench_mutex,0,4,167.7458,6.029,3612,268293373,112336,0,0,0,0,0,0,0,0,0,0
sysbench_mutex,2,4,224.5324,4.480,2442,132118226,87717,2809,2827,7611058,36159759,43770817,4284227013,163786,2,1463,7576
sysbench_mutex,4,4,216.9527,4.642,2265,31511345,86023,3799,3820,11025517,33566137,44591654,5950869760,173222,4,223,6859
sysbench_mutex,16,5,212.8611,4.733,2262,31030038,84749,4505,4519,8092127,24871539,32963666,6894979923,178606,8,0,6924
sysbench_mutex,0,5,170.4478,5.901,2746,172682107,89227,0,0,0,0,0,0,0,0,0,0
sysbench_mutex,2,5,221.0971,4.565,2226,63610001,89097,2543,2570,13570646,28025561,41596207,4170304697,164937,3,1383,7523
sysbench_mutex,4,5,214.7812,4.689,2095,66289812,72848,3759,3767,13422145,31445327,44867472,5935006758,153535,4,213,7242
sysbench_mutex,8,5,212.8339,4.730,2390,25190937,76615,4372,4385,9383456,35121911,44505367,6281891718,167672,8,1,7097
parsec_vips,0,1,50.2008,19.945,1082928,294547156,42138,0,0,0,0,0,0,0,0,0,0
parsec_vips,2,1,69.5140,14.403,805366,127367271,39988,4308,4333,52029748,79793886,131823634,8536403175,76045,2,815,15201
parsec_vips,4,1,81.5348,12.286,749468,220544224,30061,3864,3892,16764613,44433347,61197960,7409822835,75555,4,22,14715
parsec_vips,8,1,75.9538,13.186,947151,150353785,39705,4378,4401,20221311,60403744,80625055,8556606027,80330,4,0,14805
parsec_vips,16,1,79.3185,12.628,803870,103800919,36337,3948,3972,46440859,48471416,94912275,7737698982,77202,5,0,14752
parsec_vips,2,2,81.3405,12.312,708006,108950260,32747,3426,3435,13518028,16803302,30321330,6509531287,76090,2,724,15257
parsec_vips,4,2,80.9710,12.370,718387,176218029,38443,3633,3670,8241017,23760030,32001047,7175464914,75347,4,19,14288
parsec_vips,8,2,71.7123,13.966,1240685,84304309,35681,4592,4627,13361506,22550817,35912323,9329811204,86123,6,0,15138
parsec_vips,16,2,76.6859,13.060,793351,138220766,36255,4172,4204,14772199,25592805,40365004,8128253694,77873,5,0,15418
parsec_vips,0,2,58.4648,17.129,838157,332269760,47897,0,0,0,0,0,0,0,0,0,0
parsec_vips,4,3,83.6687,11.973,741744,61476522,22809,3644,3669,9308969,22338118,31647087,6940931747,77983,4,1,14419
parsec_vips,8,3,76.7625,13.046,817021,136163285,39820,4037,4063,11271493,19328979,30600472,7987175330,78305,7,0,15306
parsec_vips,16,3,73.4193,13.639,1234129,56082097,42899,4986,5016,10484965,26342967,36827932,9350740919,87350,5,0,15346
parsec_vips,0,3,54.5218,18.386,890051,377582952,32370,0,0,0,0,0,0,0,0,0,0
parsec_vips,2,3,78.9627,12.686,710034,92978987,34870,3733,3762,10772087,17834293,28606380,7339952191,73284,2,855,15292
parsec_vips,8,4,79.1559,12.661,828872,51813889,34585,4082,4110,10427069,21201075,31628144,7720005577,79353,5,0,14740
parsec_vips,16,4,79.9648,12.525,823415,83871739,38204,4115,4138,14667795,19204415,33872210,7882044744,80149,6,0,14507
parsec_vips,0,4,54.3310,18.439,903037,219659323,43006,0,0,0,0,0,0,0,0,0,0
parsec_vips,2,4,79.4458,12.607,794285,90516100,38650,3804,3849,13095132,22221913,35317045,7296526575,76728,3,664,14573
parsec_vips,4,4,73.7409,13.586,1048306,68217296,41111,4731,4761,13336174,27941400,41277574,9080324796,83671,4,9,15255
parsec_vips,16,5,82.0452,12.211,751610,58234961,40261,4189,4212,13186558,25531317,38717875,7161241721,77343,4,0,14808
parsec_vips,0,5,58.7651,17.055,804659,372467537,37610,0,0,0,0,0,0,0,0,0,0
parsec_vips,2,5,79.5165,12.601,719835,78130658,30653,3832,3855,19594888,28469208,48064096,7157146279,73915,2,724,14505
parsec_vips,4,5,78.2632,12.795,835473,62091526,45384,4547,4572,10971060,26013196,36984256,8031195224,90453,4,83,14919
parsec_vips,8,5,79.0339,12.675,819484,69930662,34214,4101,4114,12929016,22997003,35926019,7972410034,79202,5,0,14718
