pkg,pair,arm,seconds,migrations
blackscholes,1,off,25.242423825,0
blackscholes,1,on,23.786934809,386
blackscholes,2,on,23.035330192,420
blackscholes,2,off,25.524709068,0
blackscholes,3,off,25.318267889,0
blackscholes,3,on,22.572377334,1348
blackscholes,4,on,23.818547432,332
blackscholes,4,off,26.258132261,0
blackscholes,5,off,26.191865830,0
blackscholes,5,on,24.775698657,330
blackscholes,6,on,24.403188331,371
blackscholes,6,off,26.252481175,0
canneal,1,off,84.048301415,0
canneal,1,on,80.693279098,24497
canneal,2,on,83.116430171,16515
canneal,2,off,83.686751576,0
canneal,3,off,82.027481403,0
canneal,3,on,81.253756932,18104
canneal,4,on,80.833506573,19957
canneal,4,off,82.807214505,0
