workload,rep,seconds,contended,holds,bg_per_s
fsmark_tmpfs,1,0.775,67378,26142,47.0
fsmark_tmpfs,2,0.728,4066,998,53.0
fsmark_tmpfs,3,0.755,3017,534,51.3
fsmark_tmpfs,4,0.731,2312,431,57.3
fsmark_tmpfs,5,0.775,2823,498,11255.3
perf_sched_pipe,1,26.680,43630,21549,58.0
perf_sched_pipe,2,24.979,10311,9820,100.7
perf_sched_pipe,3,24.637,8939,8559,32631.0
perf_sched_pipe,4,25.070,41921,17208,64.3
perf_sched_pipe,5,26.627,9181,8497,69.7
sysbench_mutex,1,0.596,9292,5743,49.3
sysbench_mutex,2,0.613,8988,5532,82.7
sysbench_mutex,3,0.519,9585,5950,39472.0
sysbench_mutex,4,0.651,9346,5696,83.3
sysbench_mutex,5,0.620,8810,5361,40576.3
parsec_ferret,1,77.838,4478,2198,76.7
parsec_ferret,2,77.801,18493,5411,70.3
parsec_ferret,3,77.663,3278,1916,49.3
parsec_ferret,4,77.800,3469,2119,9157.3
parsec_ferret,5,77.882,4764,2513,36556.3
parsec_swaptions,1,41.870,2892,2189,70.7
parsec_swaptions,2,41.022,2595,2012,37854.0
parsec_swaptions,3,41.422,2770,2157,20739.3
parsec_swaptions,4,42.178,3468,2461,50.0
parsec_swaptions,5,42.568,2890,2193,37131.3
tinyconfig,1,41.435,89640,35893,52.7
tinyconfig,2,38.964,181723,75294,67.7
tinyconfig,3,39.645,95497,45148,7128.3
tinyconfig,4,38.627,74842,36382,27845.3
tinyconfig,5,40.217,97949,38536,7054.3
parsec_blackscholes,1,26.347,3183,2379,62.0
parsec_blackscholes,2,25.031,24854,7675,49.7
parsec_blackscholes,3,25.618,3244,2478,76.0
parsec_blackscholes,4,26.062,3105,2321,1245.0
parsec_blackscholes,5,27.109,3505,2733,6452.3
