workload,arm,rep,perf,dur_s,migs,wait_ns,prelock,cooldown_skipped,g1rej,g2rej
schbench,pv,1,3103.47,15.087,0,487303513,0,0,0,0
schbench,guard1,1,3087.00,15.025,10247,585857696,260324,186750,59805,802
schbench,guard0,1,3061.13,15.031,10171,425302096,248842,173290,61729,759
schbench,guard1,2,3045.93,15.034,9900,515264567,224993,152801,58444,769
schbench,guard0,2,3049.27,15.033,10127,423116178,268176,192378,61638,665
schbench,pv,2,3135.33,15.056,0,367341832,0,0,0,0
schbench,guard0,3,3155.13,15.102,11447,181680274,277782,199407,62991,621
schbench,pv,3,3074.93,15.028,0,221393104,0,0,0,0
schbench,guard1,3,3098.20,15.035,10627,405864811,245042,171150,60411,75
schbench,pv,4,3058.87,15.065,0,399019602,0,0,0,0
schbench,guard1,4,3085.87,15.025,10369,391776916,230335,156829,59846,110
schbench,guard0,4,3077.07,15.024,10665,401188270,255907,179509,62208,151
schbench,guard1,5,3097.13,15.027,10477,366866257,228560,155566,59610,76
schbench,guard0,5,3085.07,15.035,10518,300980910,255472,179870,62078,90
schbench,pv,5,3074.07,15.076,0,372083820,0,0,0,0
schbench,guard0,6,3091.53,15.037,10712,366303838,298225,222153,62414,73
schbench,pv,6,3085.73,15.040,0,323595387,0,0,0,0
schbench,guard1,6,3093.27,15.025,10269,292569535,226668,153837,59820,120
schbench,pv,7,3089.87,15.074,0,324327685,0,0,0,0
schbench,guard1,7,3112.53,15.040,10477,277380572,253423,180378,59822,58
schbench,guard0,7,3096.53,15.078,10484,371143132,256992,181034,62426,148
schbench,guard1,8,3082.60,15.039,10127,393078671,239962,167158,59623,697
schbench,guard0,8,3065.53,15.046,9927,350784601,261858,186872,61776,741
schbench,pv,8,3071.07,15.058,0,241333450,0,0,0,0
