arm,rep,rps,dur_s,migs,wait_ns,t1,t2,heh,hb,evict
pv,1,3036.60,15.069,0,576054260,6188,0,0,0,0
camp_tight,1,3098.67,15.033,4573,459390255,6359,0,0,0,0
mig_only_tight,1,3052.13,15.024,4503,481212943,5028,0,0,0,0
camp_tight,2,3092.53,15.073,4354,481711277,4313,0,0,0,0
mig_only_tight,2,3096.20,15.054,4405,445918100,1425,0,0,0,0
pv,2,3011.27,15.064,0,511258446,10235,0,0,0,0
mig_only_tight,3,3061.60,15.031,4283,584158538,5893,0,0,0,0
pv,3,3016.47,15.046,0,721997955,9484,0,0,0,0
camp_tight,3,3069.33,15.039,4181,475814921,5947,0,0,0,0
pv,4,3020.40,15.021,0,647377297,8448,0,0,0,0
camp_tight,4,3084.13,15.047,4209,580292867,5071,0,0,0,0
mig_only_tight,4,3068.07,15.042,4062,662950691,9635,0,0,0,0
camp_tight,5,3023.00,15.031,4168,645054644,4694,0,0,0,0
mig_only_tight,5,2982.53,15.042,4077,822731611,14434,0,0,0,0
pv,5,2981.67,15.056,0,653632671,6870,0,0,0,0
mig_only_tight,6,3023.07,15.035,3906,819096516,13055,0,0,0,0
pv,6,2989.60,15.044,0,665378078,11601,0,0,0,0
camp_tight,6,3013.07,15.044,3810,562491439,6600,0,0,0,0
pv,7,2990.33,15.049,0,619734857,9157,0,0,0,0
camp_tight,7,3006.93,15.051,3618,783454336,10973,8,0,0,0
mig_only_tight,7,2989.93,15.078,3499,891141875,12476,0,0,0,0
camp_tight,8,2925.07,15.073,3481,1281518719,20839,255,0,0,0
mig_only_tight,8,2940.87,15.063,3198,1042682509,17951,0,0,0,0
pv,8,2893.80,15.062,0,2118068983,45546,0,0,0,0
