workload,arm,rep,perf,dur_s,wall_ns,wait_events,halt_cyc,t1_fired,evict_marked,evict_requeued,evict_la_ref,evict_walks
dbench_16,pv,1,324.0440,18.232,98975768914,297461,71267984146,1577905,0,0,0,0
dbench_16,base_t1off,1,304.6640,18.233,111593403350,296570,21710535322,0,0,0,0,0
dbench_16,skip_t1off,1,312.5080,18.309,101061899694,287037,18781864380,0,1727,1727,765,0
dbench_16,base_t1on,1,335.6260,18.322,93345858045,299782,72520128308,1603991,0,0,0,0
dbench_16,skip_t1on,1,344.8140,18.297,93730165010,301827,80282450694,1709496,1009,1009,390,0
dbench_16,base_t1off,2,455.6610,18.187,54164298656,446938,10081355418,0,0,0,0,0
dbench_16,skip_t1off,2,353.5950,18.347,89588537956,326724,16582040422,0,1492,1492,596,0
dbench_16,base_t1on,2,342.6730,18.282,94072283452,307927,72647802640,1589789,0,0,0,0
dbench_16,skip_t1on,2,367.4990,18.327,82079930266,309119,81576983716,1908688,736,736,264,0
dbench_16,pv,2,352.5080,18.270,88525185635,310023,75480900864,1750451,0,0,0,0
dbench_16,skip_t1off,3,352.7660,18.223,90652880099,310554,14481858904,0,1441,1441,568,0
dbench_16,base_t1on,3,353.8440,18.345,92623579130,309157,86290187924,2057966,0,0,0,0
dbench_16,skip_t1on,3,345.2160,18.265,83136515645,297529,84386379550,2040769,668,668,239,0
dbench_16,pv,3,363.1840,18.238,90081185227,315565,90365716642,2178995,0,0,0,0
dbench_16,base_t1off,3,348.0180,18.350,91433648879,304658,16265653310,0,0,0,0,0
dbench_16,base_t1on,4,348.2810,18.259,82067786939,305340,74480927488,1823542,0,0,0,0
dbench_16,skip_t1on,4,352.7190,18.315,87236980038,300980,84846122846,2102563,760,760,291,0
dbench_16,pv,4,352.3030,18.249,86800339782,313931,84924667674,2107919,0,0,0,0
dbench_16,base_t1off,4,330.9070,18.343,91822814785,296664,13235284154,0,0,0,0,0
dbench_16,skip_t1off,4,344.0100,18.277,90753780487,308668,11984923716,0,1213,1213,502,0
dbench_16,skip_t1on,5,348.2290,18.281,87726204983,299711,81969832544,2090764,668,668,220,0
dbench_16,pv,5,376.0250,18.283,79426802257,335840,72854966788,1873545,0,0,0,0
dbench_16,base_t1off,5,376.7630,18.228,71517108853,360895,9489298180,0,0,0,0,0
dbench_16,skip_t1off,5,398.4610,18.306,68497066298,377333,8960265582,0,807,807,244,0
dbench_16,base_t1on,5,391.4960,18.286,70047013464,364963,63434919480,1652340,0,0,0,0
dbench_16,pv,6,376.7840,18.328,71853837466,335135,62286199972,1608393,0,0,0,0
dbench_16,base_t1off,6,375.7030,18.331,77911645308,346453,9001383874,0,0,0,0,0
dbench_16,skip_t1off,6,397.9360,18.332,72186722213,389574,7907009146,0,834,834,273,0
dbench_16,base_t1on,6,398.5820,18.250,70640529428,386247,66711100626,1735053,0,0,0,0
dbench_16,skip_t1on,6,388.9680,18.208,66856194982,354232,58784954502,1520360,438,438,190,0
dbench_16,base_t1off,7,379.3360,18.231,72746615524,374161,8011979246,0,0,0,0,0
dbench_16,skip_t1off,7,392.3570,18.330,60909403493,427963,8623555598,0,785,785,298,0
dbench_16,base_t1on,7,389.2590,18.221,69281782882,368164,62622714058,1652487,0,0,0,0
dbench_16,skip_t1on,7,367.9740,18.243,75916011873,324413,77251417984,1979387,608,608,240,0
dbench_16,pv,7,357.3580,18.328,90814856030,309167,83092519506,2124578,0,0,0,0
dbench_16,skip_t1off,8,377.4210,18.308,77942528498,343364,10595822314,0,1362,1362,473,0
dbench_16,base_t1on,8,368.1160,18.302,76425376561,331131,62528692976,1562696,0,0,0,0
dbench_16,skip_t1on,8,370.7980,18.328,77408230603,312957,73748350824,1845317,686,686,282,0
dbench_16,pv,8,339.2020,18.302,87971070639,305060,80180653808,1981246,0,0,0,0
dbench_16,base_t1off,8,367.0150,18.300,85302655280,328998,10492750960,0,0,0,0,0
hackbench_pipe_thr,pv,1,66.1945,15.165,174982971852,8683995,141188240820,669952,0,0,0,0
hackbench_pipe_thr,base_t1off,1,62.4298,16.090,187952129866,8427517,106880366510,0,0,0,0,0
hackbench_pipe_thr,skip_t1off,1,64.3791,15.585,175467285682,8315791,103992786464,0,2073,2073,1221,0
hackbench_pipe_thr,base_t1on,1,66.2208,15.144,175214369821,8664177,148027591018,698541,0,0,0,0
hackbench_pipe_thr,skip_t1on,1,76.6812,13.083,147577538468,9275127,117186538992,570468,1673,1673,824,0
hackbench_pipe_thr,base_t1off,2,72.9182,13.747,155644814112,9492085,85798023050,0,0,0,0,0
hackbench_pipe_thr,skip_t1off,2,77.1188,13.022,146936733119,9550585,80743858484,0,2127,2127,945,0
hackbench_pipe_thr,base_t1on,2,98.2029,10.222,102601597584,11086535,63239691928,226973,0,0,0,0
hackbench_pipe_thr,skip_t1on,2,96.2186,10.510,105633284767,10930556,64753759264,229114,886,886,435,0
hackbench_pipe_thr,pv,2,90.9504,11.033,113741870414,10902073,73859104874,256297,0,0,0,0
hackbench_pipe_thr,skip_t1off,3,74.3826,13.492,153614590242,10450110,84111566622,0,2064,2064,913,0
hackbench_pipe_thr,base_t1on,3,87.9585,11.402,121437654329,11042223,83384422342,363098,0,0,0,0
hackbench_pipe_thr,skip_t1on,3,86.2218,11.642,124600646129,10956733,83811437788,371803,1238,1238,511,0
hackbench_pipe_thr,pv,3,86.7077,11.629,124702452508,10988082,87137131162,306654,0,0,0,0
hackbench_pipe_thr,base_t1off,3,57.7701,17.331,217890967654,9894595,124028880590,0,0,0,0,0
hackbench_pipe_thr,base_t1on,4,75.3750,13.294,151039866456,10570662,112129031772,451197,0,0,0,0
hackbench_pipe_thr,skip_t1on,4,77.2798,13.000,146899715231,10418970,110617464746,514228,1655,1655,715,0
hackbench_pipe_thr,pv,4,71.5973,14.015,164012639959,10383635,128212336108,544687,0,0,0,0
hackbench_pipe_thr,base_t1off,4,60.3610,16.597,208892890892,9902351,116889021096,0,0,0,0,0
hackbench_pipe_thr,skip_t1off,4,57.0060,17.577,221300815040,9558037,121441585460,0,3423,3423,1805,0
hackbench_pipe_thr,skip_t1on,5,70.3928,14.253,167739586189,10168294,131756276384,639607,2058,2058,917,0
hackbench_pipe_thr,pv,5,73.1208,13.709,156882648823,10409522,127763900992,701075,0,0,0,0
hackbench_pipe_thr,base_t1off,5,57.8102,17.388,220882327050,9696567,123535528726,0,0,0,0,0
hackbench_pipe_thr,skip_t1off,5,58.1666,17.218,215708328409,9603292,119745594730,0,2917,2917,1613,0
hackbench_pipe_thr,base_t1on,5,67.0107,14.952,180389580894,9939194,150828912962,829436,0,0,0,0
hackbench_pipe_thr,pv,6,64.5453,15.537,189232770146,10032146,155107480368,752898,0,0,0,0
hackbench_pipe_thr,base_t1off,6,58.7303,17.083,219189852817,9715221,123529809258,0,0,0,0,0
hackbench_pipe_thr,skip_t1off,6,58.6992,17.068,218855133582,9411630,119927358848,0,3016,3016,1813,0
hackbench_pipe_thr,base_t1on,6,62.7983,15.964,200749270456,9735860,167124257400,905692,0,0,0,0
hackbench_pipe_thr,skip_t1on,6,61.1023,16.410,206208328582,9307643,174608499368,1041204,1993,1993,1363,0
hackbench_pipe_thr,base_t1off,7,55.9879,17.894,236625775676,9510276,126390444712,0,0,0,0,0
hackbench_pipe_thr,skip_t1off,7,56.3285,17.790,235778838174,9166885,124204159438,0,3262,3262,2310,0
hackbench_pipe_thr,base_t1on,7,60.1106,16.664,208637536696,9759182,174569243962,1100325,0,0,0,0
hackbench_pipe_thr,skip_t1on,7,61.6257,16.262,208620813185,9338890,176882703926,1144938,1921,1921,1429,0
hackbench_pipe_thr,pv,7,62.0964,16.155,209490599286,9573242,179050675504,1125509,0,0,0,0
hackbench_pipe_thr,skip_t1off,8,57.4482,17.442,228384213299,9149826,119121055906,0,3056,3056,2232,0
hackbench_pipe_thr,base_t1on,8,54.2329,18.479,240805915985,9163386,194698484558,1189634,0,0,0,0
hackbench_pipe_thr,skip_t1on,8,58.0080,17.267,223542247739,8934948,182003277048,1258858,1908,1908,1516,0
hackbench_pipe_thr,pv,8,57.4944,17.434,227876805406,9234656,197580733462,1279600,0,0,0,0
hackbench_pipe_thr,base_t1off,8,54.6269,18.349,238901004314,9335808,132083897916,0,0,0,0,0
stressng_dentry,pv,1,33492.4200,16.584,250136608594,8529336,97524173508,2126432,0,0,0,0
stressng_dentry,base_t1off,1,33038.2200,16.628,248899787790,7881162,24830841512,0,0,0,0,0
stressng_dentry,skip_t1off,1,31570.4300,16.335,255835606157,7696989,27749322132,0,4000,4000,3136,0
stressng_dentry,base_t1on,1,32849.9200,16.619,245543954889,7830646,151804383386,3308095,0,0,0,0
stressng_dentry,skip_t1on,1,33681.7500,16.561,243084130951,7467858,215433339230,4869247,2970,2970,2003,0
stressng_dentry,base_t1off,2,34062.2600,16.729,244059100908,8273766,40851119704,0,0,0,0,0
stressng_dentry,skip_t1off,2,32735.2800,16.292,248728135350,7350231,42724361236,0,4117,4117,2347,0
stressng_dentry,base_t1on,2,35483.3900,16.523,234215650546,8205797,143623808490,2997020,0,0,0,0
stressng_dentry,skip_t1on,2,41408.1400,16.430,232228817549,9277146,133256195774,2921100,2405,2405,1163,0
stressng_dentry,pv,2,35572.5400,16.471,238387749624,8406420,101966121752,2156828,0,0,0,0
stressng_dentry,skip_t1off,3,32471.9800,16.311,244756304302,7573025,30258282988,0,3779,3779,2930,0
stressng_dentry,base_t1on,3,33885.2600,16.657,239536960545,7910101,125193227830,2699913,0,0,0,0
stressng_dentry,skip_t1on,3,33703.8300,16.577,236224900574,7532355,124883397452,2678030,2972,2972,1937,0
stressng_dentry,pv,3,34230.3900,16.699,231909924376,7682009,153821747294,3442942,0,0,0,0
stressng_dentry,base_t1off,3,33989.8100,16.686,245363957273,7971343,44612794844,0,0,0,0,0
stressng_dentry,base_t1on,4,35047.0900,16.431,225643914928,7759954,159081181438,3553236,0,0,0,0
stressng_dentry,skip_t1on,4,34308.1700,16.267,239714457769,7683517,185877527562,4196375,2890,2890,1429,0
stressng_dentry,pv,4,36389.6000,16.767,244499693381,8612394,166979768040,3552815,0,0,0,0
stressng_dentry,base_t1off,4,35368.7700,16.422,227563143647,7871749,40427550880,0,0,0,0,0
stressng_dentry,skip_t1off,4,35705.9100,16.597,232581511940,8066373,42865525368,0,3829,3829,2092,0
stressng_dentry,skip_t1on,5,39802.9300,16.310,216634669557,8433796,170869755224,3314174,2214,2214,1322,0
stressng_dentry,pv,5,35865.8700,16.504,224031570716,8139053,173141240702,3348261,0,0,0,0
stressng_dentry,base_t1off,5,34124.5500,16.629,248866616858,7838324,36819525750,0,0,0,0,0
stressng_dentry,skip_t1off,5,32413.0400,16.341,231615350124,7386601,35296358148,0,3747,3747,2867,0
stressng_dentry,base_t1on,5,33685.0600,16.817,246080481831,7943379,164155456722,3364252,0,0,0,0
stressng_dentry,pv,6,33799.3100,16.662,243033039208,7945958,166763502056,3424607,0,0,0,0
stressng_dentry,base_t1off,6,33815.5900,16.565,236599865809,7817434,35590578312,0,0,0,0,0
stressng_dentry,skip_t1off,6,33873.0700,16.491,238143416894,7570425,39546119820,0,4251,4251,3253,0
stressng_dentry,base_t1on,6,33364.3600,16.477,248069460723,8077932,199078652676,4139089,0,0,0,0
stressng_dentry,skip_t1on,6,33841.1200,16.834,220461265526,7307380,210908410144,4370506,2493,2493,1388,0
stressng_dentry,base_t1off,7,33538.0500,16.543,236743072223,7733759,44148270414,0,0,0,0,0
stressng_dentry,skip_t1off,7,32621.9600,16.527,249066212327,7648348,46324460632,0,4417,4417,2508,0
stressng_dentry,base_t1on,7,35458.8300,16.373,240978232857,8139836,165065602086,3279261,0,0,0,0
stressng_dentry,skip_t1on,7,32587.5300,16.509,243800427354,7534514,203649026378,4273707,3203,3203,1674,0
stressng_dentry,pv,7,35699.0400,16.657,231668346731,8285131,169650359058,3394491,0,0,0,0
stressng_dentry,skip_t1off,8,33365.8300,16.815,246325533209,7854555,44148380142,0,4714,4714,2871,0
stressng_dentry,base_t1on,8,34844.7500,16.591,245514549787,8209111,168545021488,3481629,0,0,0,0
stressng_dentry,skip_t1on,8,34740.1700,16.545,229400199213,7841292,170842329620,3521753,2544,2544,1619,0
stressng_dentry,pv,8,34072.9100,16.714,244408528941,8037515,168672955832,3428455,0,0,0,0
stressng_dentry,base_t1off,8,32460.0800,16.487,247984061968,7892451,36714153438,0,0,0,0,0
