workload,arm,rep,perf,dur_s,wall_ns,wait_events,halt_cyc,t1_fired,evict_marked,evict_requeued,evict_la_ref
dbench_16,pv,1,228.9080,18.157,4199516953,84235,601597894,6888,0,0,0
dbench_16,base_t1off,1,235.7870,18.149,4163744808,85608,268135604,0,0,0,0
dbench_16,skip_t1off,1,235.3320,18.170,4124962293,84490,292117448,0,12,12,0
dbench_16,base_t1on,1,230.3150,18.133,3966035530,84917,577564650,5439,0,0,0
dbench_16,skip_t1on,1,224.9750,18.168,3912117544,82732,512481224,3709,13,13,0
dbench_16,base_t1off,2,228.7830,18.160,4086844925,82648,277343938,0,0,0,0
dbench_16,skip_t1off,2,228.1810,18.189,4259648725,82754,349972534,0,10,10,0
dbench_16,base_t1on,2,231.6370,18.155,3996092163,84251,481968418,4924,0,0,0
dbench_16,skip_t1on,2,230.6730,18.158,4115201681,85194,447159124,4505,15,15,0
dbench_16,pv,2,231.9760,18.162,4042758105,83603,422769418,3256,0,0,0
dbench_16,skip_t1off,3,231.9840,18.161,4571026087,83906,447418502,0,13,13,0
dbench_16,base_t1on,3,229.8990,18.170,5357022637,86264,1156702926,17319,0,0,0
dbench_16,skip_t1on,3,228.8800,18.154,4793214607,85921,869213830,11445,19,19,0
dbench_16,pv,3,232.4410,18.158,5085913555,84588,724508470,7436,0,0,0
dbench_16,base_t1off,3,230.5980,18.173,5628085646,111483,1020557668,0,0,0,0
dbench_16,base_t1on,4,234.3880,18.145,5533023926,88964,1086699626,17356,0,0,0
dbench_16,skip_t1on,4,233.9440,18.146,5792557739,87881,1226435824,22054,45,45,0
dbench_16,pv,4,232.9880,18.170,5454123439,86844,1012643768,14447,0,0,0
dbench_16,base_t1off,4,232.4480,18.168,6021936855,85375,732286200,0,0,0,0
dbench_16,skip_t1off,4,230.0170,18.175,5748272847,86007,684405496,0,41,41,0
dbench_16,skip_t1on,5,232.7840,18.153,6186340096,87026,1404028438,22321,37,37,0
dbench_16,pv,5,233.5430,18.146,6272653953,87681,1364488956,20466,0,0,0
dbench_16,base_t1off,5,234.9340,18.152,6097244183,85587,758681320,0,0,0,0
dbench_16,skip_t1off,5,232.9320,18.159,6209391827,89109,697019612,0,66,66,0
dbench_16,base_t1on,5,234.1960,18.171,5635568217,85905,1106064068,15550,0,0,0
dbench_16,pv,6,238.1600,18.138,6658122775,86784,1485355148,22081,0,0,0
dbench_16,base_t1off,6,236.0950,18.132,6428539265,87732,874423758,0,0,0,0
dbench_16,skip_t1off,6,233.1690,18.171,6633501128,89843,665958966,0,68,68,0
dbench_16,base_t1on,6,231.4970,18.159,6171103080,86385,1021522982,13918,0,0,0
dbench_16,skip_t1on,6,232.2750,18.164,5826936132,84609,1081532096,12056,39,39,0
dbench_16,base_t1off,7,228.9570,18.165,6124266920,83990,568707632,0,0,0,0
dbench_16,skip_t1off,7,230.2140,18.169,6256305933,85134,579663672,0,59,59,0
dbench_16,base_t1on,7,231.5800,18.165,6206657116,85621,1089213844,11710,0,0,0
dbench_16,skip_t1on,7,235.8990,18.129,6529685608,85000,1012904158,16787,52,52,0
dbench_16,pv,7,233.0220,18.140,6620285153,86490,1174528400,14982,0,0,0
dbench_16,skip_t1off,8,233.2090,18.173,6213694459,84785,552062740,0,65,65,0
dbench_16,base_t1on,8,232.0600,18.152,6160046721,85118,1096260116,17298,0,0,0
dbench_16,skip_t1on,8,232.3090,18.154,5971601748,84402,1091441308,11131,50,50,0
dbench_16,pv,8,234.0610,18.128,6318804065,87339,1176484496,19401,0,0,0
dbench_16,base_t1off,8,232.0170,18.169,6530718909,85368,610224824,0,0,0,0
hackbench_pipe_thr,pv,1,65.0280,15.396,61177949350,3394192,43828114830,67140,0,0,0
hackbench_pipe_thr,base_t1off,1,63.4397,15.778,63516260236,3311905,37708838898,0,0,0,0
hackbench_pipe_thr,skip_t1off,1,63.2551,15.826,64228839266,3191843,37537868406,0,519,519,0
hackbench_pipe_thr,base_t1on,1,66.5779,15.035,60434013565,3336657,43614930828,60258,0,0,0
hackbench_pipe_thr,skip_t1on,1,65.1211,15.369,61975054644,3267120,44263490496,73867,426,426,0
hackbench_pipe_thr,base_t1off,2,62.9050,15.916,64502659119,3329753,38849403408,0,0,0,0
hackbench_pipe_thr,skip_t1off,2,62.9683,15.901,64655685359,3191764,37832634454,0,537,537,0
hackbench_pipe_thr,base_t1on,2,64.9604,15.403,61947085501,3342775,44675974786,67798,0,0,0
hackbench_pipe_thr,skip_t1on,2,65.4065,15.318,62230356916,3281075,44588355292,68947,444,444,0
hackbench_pipe_thr,pv,2,65.1042,15.373,61833682994,3374070,45188338676,75691,0,0,0
hackbench_pipe_thr,skip_t1off,3,64.0861,15.614,63847063996,3152062,37360092438,0,576,576,0
hackbench_pipe_thr,base_t1on,3,65.9544,15.168,60679226113,3348461,43542103568,65588,0,0,0
hackbench_pipe_thr,skip_t1on,3,66.8315,14.983,60173907053,3281184,42464824836,69410,506,506,0
hackbench_pipe_thr,pv,3,66.3834,15.084,61173367750,3352589,45064649828,77935,0,0,0
hackbench_pipe_thr,base_t1off,3,63.6092,15.738,64884612626,3209386,39390869234,0,0,0,0
hackbench_pipe_thr,base_t1on,4,64.6580,15.481,63150903447,3375404,46628957860,84579,0,0,0
hackbench_pipe_thr,skip_t1on,4,64.6287,15.490,63644907206,3294321,45925983388,83144,509,509,0
hackbench_pipe_thr,pv,4,65.8415,15.219,62256702208,3377814,45865916096,76451,0,0,0
hackbench_pipe_thr,base_t1off,4,63.3754,15.796,64689368287,3259791,39221667662,0,0,0,0
hackbench_pipe_thr,skip_t1off,4,63.6051,15.735,64578924578,3175869,39153010232,0,578,578,0
hackbench_pipe_thr,skip_t1on,5,65.6125,15.269,62926340844,3315659,45988087592,81392,479,479,0
hackbench_pipe_thr,pv,5,66.2559,15.111,61787153524,3375249,44986076658,75222,0,0,0
hackbench_pipe_thr,base_t1off,5,63.4478,15.774,64971236602,3280007,39448325640,0,0,0,0
hackbench_pipe_thr,skip_t1off,5,63.6943,15.715,64478731053,3163785,38350782852,0,573,573,0
hackbench_pipe_thr,base_t1on,5,65.6944,15.264,61858510802,3360762,46242236436,82585,0,0,0
hackbench_pipe_thr,pv,6,64.7752,15.454,63912591506,3384787,48049919598,85630,0,0,0
hackbench_pipe_thr,base_t1off,6,63.5001,15.765,65135213163,3273741,39937957160,0,0,0,0
hackbench_pipe_thr,skip_t1off,6,63.0239,15.884,66566811416,3287510,40160856962,0,646,646,0
hackbench_pipe_thr,base_t1on,6,65.0703,15.381,63737631358,3375097,48396355680,96935,0,0,0
hackbench_pipe_thr,skip_t1on,6,65.5394,15.282,63147138212,3353961,46498238342,87591,526,526,0
hackbench_pipe_thr,base_t1off,7,63.0477,15.877,66800943566,3289652,40681710638,0,0,0,0
hackbench_pipe_thr,skip_t1off,7,63.0517,15.874,66167724454,3214998,39788128272,0,621,621,0
hackbench_pipe_thr,base_t1on,7,65.2742,15.335,63440270667,3424476,48263708700,98444,0,0,0
hackbench_pipe_thr,skip_t1on,7,64.8256,15.441,64181088368,3384587,46756434692,86265,537,537,0
hackbench_pipe_thr,pv,7,65.0364,15.390,63891335970,3452043,47755632474,79893,0,0,0
hackbench_pipe_thr,skip_t1off,8,61.5498,16.261,69112056391,3297388,42350474060,0,616,616,0
hackbench_pipe_thr,base_t1on,8,64.5911,15.498,64766319924,3411588,49867063786,90541,0,0,0
hackbench_pipe_thr,skip_t1on,8,66.1507,15.126,61772589545,3324876,45865252622,88156,485,485,0
hackbench_pipe_thr,pv,8,66.1419,15.127,62823572664,3344639,47334069762,77156,0,0,0
hackbench_pipe_thr,base_t1off,8,62.1929,16.095,67168398115,3327851,41857322080,0,0,0,0
stressng_dentry,pv,1,45845.3600,15.899,96543290052,7622738,42320641966,793951,0,0,0
stressng_dentry,base_t1off,1,45856.4300,15.876,95516611394,7547640,13318301304,0,0,0,0
stressng_dentry,skip_t1off,1,45316.2000,15.889,96301537542,7474644,12351658926,0,1992,1992,0
stressng_dentry,base_t1on,1,46453.7100,15.731,92784839804,7520536,42066798878,769781,0,0,0
stressng_dentry,skip_t1on,1,45595.3100,15.746,94191860465,7428177,42202200244,789828,1647,1647,0
stressng_dentry,base_t1off,2,46064.1300,15.946,93487320286,7534731,12907375872,0,0,0,0
stressng_dentry,skip_t1off,2,45388.6900,15.847,96348035256,7406416,13152368980,0,2082,2082,0
stressng_dentry,base_t1on,2,45749.7300,15.717,93823128350,7519083,40753728222,740586,0,0,0
stressng_dentry,skip_t1on,2,45927.4500,15.885,94194133603,7316115,40967098298,764668,1732,1732,0
stressng_dentry,pv,2,46400.5500,15.941,95126339742,7696076,39373021942,699062,0,0,0
stressng_dentry,skip_t1off,3,45822.8500,15.852,94315138233,7418085,12755711350,0,1993,1993,0
stressng_dentry,base_t1on,3,45350.2600,15.920,90136036153,7265932,39163893834,692120,0,0,0
stressng_dentry,skip_t1on,3,45813.0900,15.856,93319860166,7230908,43910259206,828503,1586,1586,0
stressng_dentry,pv,3,46570.5500,15.756,92304468443,7623299,39840864882,706543,0,0,0
stressng_dentry,base_t1off,3,45658.1200,15.859,89802081453,7285069,13157245172,0,0,0,0
stressng_dentry,base_t1on,4,45530.0600,15.917,95733759804,7637075,44135476480,801042,0,0,0
stressng_dentry,skip_t1on,4,44413.4500,15.805,94785212373,7104010,37591039712,680029,1701,1701,0
stressng_dentry,pv,4,45548.8500,15.745,97189263686,7604335,47601014728,878170,0,0,0
stressng_dentry,base_t1off,4,46085.8700,15.890,89903118245,7245390,14949234466,0,0,0,0
stressng_dentry,skip_t1off,4,46360.5600,15.881,94478082564,7379690,19625268222,0,1990,1990,0
stressng_dentry,skip_t1on,5,45279.2900,15.850,91534380416,6828458,56977099964,1081775,1476,1476,0
stressng_dentry,pv,5,45794.8200,15.777,94118547203,7421290,55556103538,1004247,0,0,0
stressng_dentry,base_t1off,5,45912.8300,15.790,91708105215,7304596,14435657056,0,0,0,0
stressng_dentry,skip_t1off,5,46192.9000,15.947,89979988357,7126070,14130475952,0,2196,2196,0
stressng_dentry,base_t1on,5,46476.0300,15.866,90813441404,7440291,52677853828,950092,0,0,0
stressng_dentry,pv,6,49373.8400,16.016,87323972391,7962270,46729066576,785095,0,0,0
stressng_dentry,base_t1off,6,50582.0500,15.891,85196562721,8034904,13844910086,0,0,0,0
stressng_dentry,skip_t1off,6,49342.9000,15.920,90429689011,7996869,15060688990,0,2129,2129,0
stressng_dentry,base_t1on,6,51252.2400,15.881,86048709176,8110873,48716725106,757025,0,0,0
stressng_dentry,skip_t1on,6,49187.3100,15.898,88805769149,7870156,49490836246,804439,1685,1685,0
stressng_dentry,base_t1off,7,49614.2200,15.884,87734587162,7975329,17422353746,0,0,0,0
stressng_dentry,skip_t1off,7,48911.4700,15.752,85838195441,7571213,16940006472,0,1883,1883,0
stressng_dentry,base_t1on,7,49901.7100,15.899,88280105520,8007973,50422915488,776494,0,0,0
stressng_dentry,skip_t1on,7,49156.8600,15.906,86688451414,7729550,50458374814,775043,1531,1531,0
stressng_dentry,pv,7,49620.0100,15.850,86130998966,7776489,54403740762,853281,0,0,0
stressng_dentry,skip_t1off,8,46722.0400,15.892,92578119984,7511353,18229947598,0,2134,2134,0
stressng_dentry,base_t1on,8,47764.6300,15.802,91091026870,7640544,42806306578,559212,0,0,0
stressng_dentry,skip_t1on,8,47222.0200,15.896,88829779635,7341990,50376364470,789184,1523,1523,0
stressng_dentry,pv,8,47723.3100,15.882,89272983568,7565679,45014129798,623021,0,0,0
stressng_dentry,base_t1off,8,47710.6800,15.970,88636609436,7421611,19732047876,0,0,0,0
