workload,arm,rep,perf,dur_s,wait_ns,wait_events,t1_fired,t2_fired,bypass_fired,obs_stale,obs_actionable,obs_free_open
hackbench_pipe_thr,pv,1,62.2937,16.068,61711093467,3523851,51030,0,0,0,0,0
hackbench_pipe_thr,t1,1,62.0848,16.125,61175823254,3576199,47555,0,0,0,0,0
hackbench_pipe_thr,t12b_1ms,1,63.8162,15.704,59600790683,3366862,443469,54618,880,17183,886,13864
hackbench_pipe_thr,t12b_100us,1,64.8719,15.431,57863254709,3422470,782039,410434,1188,119935,1189,79693
hackbench_pipe_thr,t1,2,63.6740,15.721,59912316821,3523060,41920,0,0,0,0,0
hackbench_pipe_thr,t12b_1ms,2,66.9389,14.955,54723213313,3280960,395781,49806,688,13785,690,10876
hackbench_pipe_thr,t12b_100us,2,64.3749,15.562,58749757609,3503240,788787,408142,1178,118147,1178,78470
hackbench_pipe_thr,pv,2,64.8593,15.436,58854786772,3512005,45453,0,0,0,0,0
hackbench_pipe_thr,t12b_1ms,3,64.9013,15.449,59227365323,3415710,415549,56932,809,15257,811,12557
hackbench_pipe_thr,t12b_100us,3,64.7249,15.470,58713474095,3438929,794486,404296,1195,118560,1195,78224
hackbench_pipe_thr,pv,3,63.7105,15.710,60683941568,3519159,37163,0,0,0,0,0
hackbench_pipe_thr,t1,3,65.1551,15.376,59019699185,3459054,42888,0,0,0,0,0
hackbench_pipe_thr,t12b_100us,4,65.3296,15.343,58612594135,3401165,784441,404573,1151,116857,1152,76847
hackbench_pipe_thr,pv,4,64.7752,15.455,59575901610,3499463,40436,0,0,0,0,0
hackbench_pipe_thr,t1,4,65.1423,15.366,59277986662,3468059,42644,0,0,0,0,0
hackbench_pipe_thr,t12b_1ms,4,64.1601,15.614,60030362663,3410726,410646,60052,776,15372,782,12271
hackbench_pipe_thr,pv,5,65.1551,15.366,58789029272,3453285,43454,0,0,0,0,0
hackbench_pipe_thr,t1,5,64.7543,15.461,59762786078,3470048,42465,0,0,0,0,0
hackbench_pipe_thr,t12b_1ms,5,64.8635,15.434,59748624074,3405922,421069,60128,788,15121,789,12596
hackbench_pipe_thr,t12b_100us,5,65.2827,15.335,57508853935,3360839,748348,385143,1249,114436,1249,77798
hackbench_pipe_thr,t1,6,64.6329,15.490,60863277407,3387621,47788,0,0,0,0,0
hackbench_pipe_thr,t12b_1ms,6,65.7246,15.238,57778956861,3335088,383435,53440,746,13372,750,10628
hackbench_pipe_thr,t12b_100us,6,65.5523,15.261,57775567482,3362858,782699,390002,1178,115453,1178,78435
hackbench_pipe_thr,pv,6,66.3878,15.076,58137889480,3462321,38428,0,0,0,0,0
hackbench_pipe_thr,t12b_1ms,7,66.0153,15.171,59020372766,3365328,423819,58718,758,15643,761,12674
hackbench_pipe_thr,t12b_100us,7,66.2954,15.106,57865503224,3312843,769652,384352,1208,112347,1209,78395
hackbench_pipe_thr,pv,7,65.4750,15.300,60495525165,3382231,40446,0,0,0,0,0
hackbench_pipe_thr,t1,7,65.8328,15.216,59578883663,3392769,44701,0,0,0,0,0
hackbench_pipe_thr,t12b_100us,8,66.0895,15.165,58705087676,3368847,781378,373659,1163,106548,1163,72267
hackbench_pipe_thr,pv,8,66.7022,15.021,58269128812,3405335,40392,0,0,0,0,0
hackbench_pipe_thr,t1,8,67.7645,14.778,58303456320,3478398,42812,0,0,0,0,0
hackbench_pipe_thr,t12b_1ms,8,66.3922,15.075,58586593331,3363669,437110,60678,803,16178,804,13674
ebizzy_mmap,pv,1,1244.0000,15.081,2929603299,272090,5765,0,0,0,0,0
ebizzy_mmap,t1,1,1244.0000,15.048,3126465263,306145,3608,0,0,0,0,0
ebizzy_mmap,t12b_1ms,1,1291.0000,15.070,2988939704,317900,30818,2649,76,812,74,711
