stage,phase_pct,carry_ticks,deadband,cpu,host_ns,k_steal_ns,ratio
s1,0,8,50000,3,2239589117,91959972,0.0411
s1,0,8,50000,15,852701616,0,0.0000
s1,25,8,50000,3,2282105058,548444436,0.2403
s1,25,8,50000,15,856568006,3828052,0.0045
s1,50,8,50000,3,2256747180,987486331,0.4376
s1,50,8,50000,15,849036145,8218362,0.0097
s1,75,8,50000,3,2266306344,1398884038,0.6173
s1,75,8,50000,15,860447986,21875593,0.0254
s1,100,8,50000,3,2232218097,1831950904,0.8207
s1,100,8,50000,15,856819147,0,0.0000
s2,100,1,50000,3,2268061199,1896964452,0.8364
s2,100,1,50000,15,905901028,8537582,0.0094
s2,100,2,50000,3,3168481685,2684054833,0.8471
s2,100,2,50000,15,958411323,0,0.0000
s2,100,4,50000,3,3194995076,2649063902,0.8291
s2,100,4,50000,15,948377139,0,0.0000
s2,100,8,50000,3,3270894770,2749960115,0.8407
s2,100,8,50000,15,961125555,20147470,0.0210
s3,100,8,10000,3,3476745877,3002882876,0.8637
s3,100,8,10000,15,910735086,839847,0.0009
s3,100,8,25000,3,2156379180,1819860520,0.8439
s3,100,8,25000,15,869995443,2027180,0.0023
s3,100,8,50000,3,2236677787,1912866337,0.8552
s3,100,8,50000,15,862174862,7720461,0.0090
