workload,arm,rep,perf,dur_s,migs,wait_ns,node_iters,head_iters,t1,t2,heh,hb,evict
ebizzy_mmap,pv,1,952,15.068,0,2770741720,111221055,17367040,4255,0,0,0,0
ebizzy_mmap,mig_t1,1,1420,15.048,8396,1641833189,57874288,9109504,5786,0,0,0,0
ebizzy_mmap,full,1,1450,15.050,7885,1949453101,52299856,6096896,34426,1777,2245,20,13
ebizzy_mmap,full,2,1485,15.051,7899,1986043936,51403897,5853952,42078,2489,2956,23,13
ebizzy_mmap,pv,2,937,15.070,0,3112847768,120447662,18022400,9679,0,0,0,0
ebizzy_mmap,full,3,1470,15.051,8034,1583103036,43528280,5967360,18558,2252,1535,15,4
ebizzy_mmap,pv,3,964,15.088,0,2816896741,103979052,15990784,13790,0,0,0,0
ebizzy_mmap,mig_t1,3,1502,15.047,7806,1718535956,66816688,7208960,3280,0,0,0,0
ebizzy_mmap,pv,4,970,15.071,0,2562043219,99554158,16744448,8717,0,0,0,0
ebizzy_mmap,mig_t1,4,1470,15.046,8793,1724829539,64879892,8355840,3708,0,0,0,0
ebizzy_mmap,full,4,1529,15.046,7749,1812268132,49529346,5805312,29455,2858,2793,18,8
ebizzy_mmap,full,5,1540,15.044,7892,1513961042,37610045,6149376,22737,921,2869,14,4
ebizzy_mmap,pv,5,997,15.046,0,2707012360,108079538,16777216,5923,0,0,0,0
