workload	metric	arm	block	rep	val	wait_ns	wait_ev	migs
hackbench	TIME	pv_t1	1	1	29.290	175758671900	11470045	0
hackbench	TIME	pv_t1	1	2	32.828	214456474318	12058212	0
hackbench	TIME	mig_t1	1	1	4.977	5954003779	2912226	43099
hackbench	TIME	mig_t1	1	2	4.689	5136367883	2707593	40802
hackbench	TIME	mig_t1	2	1	4.582	4470198025	2432140	39843
hackbench	TIME	mig_t1	2	2	4.574	4500999324	2432954	43072
hackbench	TIME	pv_t1	2	1	31.659	201237053487	12000672	0
hackbench	TIME	pv_t1	2	2	34.207	222683177152	12178556	0
nhextend	THR	pv_t1	1	1	5335	28423550	86	0
nhextend	THR	pv_t1	1	2	5431	138648	81	0
nhextend	THR	mig_t1	1	1	6522	362331	219	1575
nhextend	THR	mig_t1	1	2	6410	11461105	218	1468
nhextend	THR	mig_t1	2	1	6463	3786696	172	1508
nhextend	THR	mig_t1	2	2	6318	7709278	245	1475
nhextend	THR	pv_t1	2	1	5466	583325	72	0
nhextend	THR	pv_t1	2	2	5328	250315	63	0
ebizzy	THR	pv_t1	1	1	2088	1664436039	623820	0
ebizzy	THR	pv_t1	1	2	2151	1717315835	658958	0
ebizzy	THR	mig_t1	1	1	2982	873164344	656242	32616
ebizzy	THR	mig_t1	1	2	2848	803065827	626795	31327
ebizzy	THR	mig_t1	2	1	3036	889599223	668693	32762
ebizzy	THR	mig_t1	2	2	3023	867754048	666171	32434
ebizzy	THR	pv_t1	2	1	2081	1720128065	613632	0
ebizzy	THR	pv_t1	2	2	2104	1527269949	628639	0
fsmark	THR	pv_t1	1	1	142747.9	79140086	5553	0
fsmark	THR	pv_t1	1	2	131146.1	143931307	3091	0
fsmark	THR	mig_t1	1	1	376282.1	614042288	203983	1449
fsmark	THR	mig_t1	1	2	331445.1	612790297	204655	1738
fsmark	THR	mig_t1	2	1	410310.5	583314003	195296	1075
fsmark	THR	mig_t1	2	2	412491.3	576863830	193260	1063
fsmark	THR	pv_t1	2	1	146213.5	86181133	3624	0
fsmark	THR	pv_t1	2	2	145517.7	223405690	6996	0
memtier	THR	pv_t1	1	1	465380.16	2421287206	1656638	0
memtier	THR	pv_t1	1	2	466463.21	2917278846	1652016	0
memtier	THR	mig_t1	1	1	565695.48	377541433	1320731	196682
memtier	THR	mig_t1	1	2	562790.34	371692814	1339848	196559
memtier	THR	mig_t1	2	1	572452.04	483532497	1579876	171735
memtier	THR	mig_t1	2	2	566682.31	393447528	1397275	189167
memtier	THR	pv_t1	2	1	474442.70	3334430185	1767932	0
memtier	THR	pv_t1	2	2	449316.43	3047140703	1771750	0
dedup	TIME	pv_t1	1	1	141.785	394803031	97534	0
dedup	TIME	pv_t1	1	2	335.863	875779812	213169	0
dedup	TIME	mig_t1	1	1	9.237	91217470	74495	31960
dedup	TIME	mig_t1	1	2	9.497	96393421	78070	31714
dedup	TIME	mig_t1	2	1	9.138	86290082	67059	31676
dedup	TIME	mig_t1	2	2	11.489	153132739	145596	35344
dedup	TIME	pv_t1	2	1	349.725	1010886362	228798	0
dedup	TIME	pv_t1	2	2	130.990	453073225	119438	0
