workload	arm	rep	metric	wait_ns	halt_ns	spin_ns	wait_ev	halt_ev	migdone	uwait_s
nhextend_fin	pv	1	5410	9314921	48707	9266214	147	7	0	114.347134
nhextend_fin	mig	1	5871	22673059	7589564	15083495	619	329	9329	111.139240
nhextend_fin	pv	2	4909	928460	0	928460	91	0	0	114.903419
nhextend_fin	mig	2	5970	48770908	5224597	43546311	623	212	11222	110.511238
nhextend_fin	pv	3	4952	490774	0	490774	132	0	0	114.219068
nhextend_fin	mig	3	5959	46740736	6689611	40051125	694	102	9872	110.977191
nhextend_fin	pv	4	4551	39924514	11702847	28221667	117	746	0	114.301098
nhextend_fin	mig	4	5814	220979612	74142996	146836616	683	4619	10402	109.964758
nhextend_fin	pv	5	5021	410985	0	410985	45	0	0	113.986396
nhextend_fin	mig	5	5809	14318515	47911	14270604	771	7	11283	109.383194
