workload,block,thr,arm,value,marked,la_ref,ts
hackbench_pipe_thr,1,220000,pv,6.905,0,0,1789985496
hackbench_pipe_thr,1,220000,comboByp,7.127,1906,1966,1789985504
hackbench_pipe_thr,1,110000,pv,6.709,0,0,1789985511
hackbench_pipe_thr,1,110000,comboByp,7.484,3117,3268,1789985518
hackbench_pipe_thr,1,55000,comboByp,7.200,3698,7239,1789985526
hackbench_pipe_thr,1,55000,pv,7.189,0,0,1789985534
hackbench_pipe_thr,1,22000,pv,6.831,0,0,1789985541
hackbench_pipe_thr,1,22000,comboByp,7.082,4669,12145,1789985548
hackbench_pipe_thr,2,220000,pv,6.513,0,0,1789985555
hackbench_pipe_thr,2,220000,comboByp,7.111,2000,1962,1789985563
hackbench_pipe_thr,2,110000,comboByp,7.088,2526,2513,1789985570
hackbench_pipe_thr,2,110000,pv,7.132,0,0,1789985577
hackbench_pipe_thr,2,55000,pv,6.823,0,0,1789985585
hackbench_pipe_thr,2,55000,comboByp,7.569,3837,7624,1789985593
hackbench_pipe_thr,2,22000,pv,6.759,0,0,1789985600
hackbench_pipe_thr,2,22000,comboByp,7.398,4761,12508,1789985607
hackbench_pipe_thr,3,220000,comboByp,7.099,1895,1864,1789985615
hackbench_pipe_thr,3,220000,pv,6.879,0,0,1789985622
hackbench_pipe_thr,3,110000,pv,6.580,0,0,1789985629
hackbench_pipe_thr,3,110000,comboByp,6.985,2761,2890,1789985636
hackbench_pipe_thr,3,55000,pv,6.642,0,0,1789985643
hackbench_pipe_thr,3,55000,comboByp,7.241,3598,7254,1789985651
hackbench_pipe_thr,3,22000,pv,6.397,0,0,1789985658
hackbench_pipe_thr,3,22000,comboByp,6.975,4514,12200,1789985665
hackbench_pipe_thr,4,220000,pv,6.893,0,0,1789985672
hackbench_pipe_thr,4,220000,comboByp,6.918,2000,1944,1789985680
hackbench_pipe_thr,4,110000,pv,6.715,0,0,1789985687
hackbench_pipe_thr,4,110000,comboByp,6.839,2532,2486,1789985694
hackbench_pipe_thr,4,55000,pv,6.315,0,0,1789985701
hackbench_pipe_thr,4,55000,comboByp,6.635,3178,6903,1789985708
hackbench_pipe_thr,4,22000,pv,6.312,0,0,1789985714
hackbench_pipe_thr,4,22000,comboByp,6.769,4555,11952,1789985721
hackbench_pipe_thr,5,220000,comboByp,6.572,1834,1649,1789985728
hackbench_pipe_thr,5,220000,pv,6.595,0,0,1789985735
hackbench_pipe_thr,5,110000,comboByp,6.777,2308,2348,1789985742
hackbench_pipe_thr,5,110000,pv,6.140,0,0,1789985749
hackbench_pipe_thr,5,55000,pv,6.524,0,0,1789985756
hackbench_pipe_thr,5,55000,comboByp,6.433,3316,6367,1789985763
hackbench_pipe_thr,5,22000,comboByp,6.926,4359,12805,1789985770
hackbench_pipe_thr,5,22000,pv,6.489,0,0,1789985777
hackbench_pipe_thr,6,220000,comboByp,6.544,1686,1671,1789985784
hackbench_pipe_thr,6,220000,pv,6.318,0,0,1789985790
hackbench_pipe_thr,6,110000,pv,5.846,0,0,1789985797
hackbench_pipe_thr,6,110000,comboByp,6.470,2164,2130,1789985803
hackbench_pipe_thr,6,55000,pv,6.150,0,0,1789985810
hackbench_pipe_thr,6,55000,comboByp,5.999,3165,5999,1789985816
hackbench_pipe_thr,6,22000,pv,5.868,0,0,1789985822
hackbench_pipe_thr,6,22000,comboByp,6.221,4338,11604,1789985829
dbench_16,1,220000,pv,592.124,0,0,1789985847
dbench_16,1,220000,comboByp,618.841,921,175,1789985866
dbench_16,1,110000,comboByp,599.651,8109,2662,1789985884
dbench_16,1,110000,pv,618.981,0,0,1789985903
dbench_16,1,55000,pv,618.492,0,0,1789985921
dbench_16,1,55000,comboByp,608.171,16498,26277,1789985940
dbench_16,1,22000,pv,613.482,0,0,1789985958
dbench_16,1,22000,comboByp,576.707,14968,48626,1789985977
dbench_16,2,220000,comboByp,579.096,1797,479,1789985995
dbench_16,2,220000,pv,593.149,0,0,1789986014
dbench_16,2,110000,comboByp,591.358,8892,3148,1789986032
dbench_16,2,110000,pv,584.187,0,0,1789986051
dbench_16,2,55000,pv,592.266,0,0,1789986069
dbench_16,2,55000,comboByp,587.392,17079,25920,1789986088
dbench_16,2,22000,comboByp,603.293,15670,50081,1789986106
dbench_16,2,22000,pv,581.276,0,0,1789986125
dbench_16,3,220000,pv,585.081,0,0,1789986143
dbench_16,3,220000,comboByp,608.304,1774,517,1789986162
dbench_16,3,110000,comboByp,568.36,8621,3126,1789986180
dbench_16,3,110000,pv,541.209,0,0,1789986199
dbench_16,3,55000,comboByp,595.262,15847,26416,1789986217
dbench_16,3,55000,pv,583.589,0,0,1789986236
dbench_16,3,22000,pv,588.054,0,0,1789986254
dbench_16,3,22000,comboByp,607.898,15259,48731,1789986273
dbench_16,4,220000,pv,576.553,0,0,1789986291
dbench_16,4,220000,comboByp,573.315,189,23,1789986310
dbench_16,4,110000,pv,601.091,0,0,1789986328
dbench_16,4,110000,comboByp,612.981,7266,2317,1789986346
dbench_16,4,55000,comboByp,587.869,16949,27326,1789986365
dbench_16,4,55000,pv,584.009,0,0,1789986383
dbench_16,4,22000,comboByp,586.345,15275,50103,1789986402
dbench_16,4,22000,pv,620.065,0,0,1789986420
dbench_16,5,220000,comboByp,591.14,1354,315,1789986439
dbench_16,5,220000,pv,578.121,0,0,1789986457
dbench_16,5,110000,comboByp,574.916,8454,2999,1789986476
dbench_16,5,110000,pv,582.383,0,0,1789986494
dbench_16,5,55000,pv,604.698,0,0,1789986513
dbench_16,5,55000,comboByp,572.526,17329,26278,1789986531
dbench_16,5,22000,pv,575.49,0,0,1789986550
dbench_16,5,22000,comboByp,581.637,15102,51396,1789986568
dbench_16,6,220000,comboByp,585.136,1285,253,1789986587
dbench_16,6,220000,pv,608.623,0,0,1789986605
dbench_16,6,110000,comboByp,595.958,8510,2636,1789986624
dbench_16,6,110000,pv,580.9,0,0,1789986642
dbench_16,6,55000,pv,569.407,0,0,1789986661
dbench_16,6,55000,comboByp,599.875,16728,26679,1789986679
dbench_16,6,22000,comboByp,598.59,15599,51424,1789986698
dbench_16,6,22000,pv,604.71,0,0,1789986716
ebizzy_mmap,1,220000,comboByp,2738,444,226,1789986731
ebizzy_mmap,1,220000,pv,2655,0,0,1789986747
ebizzy_mmap,1,110000,comboByp,2744,673,308,1789986762
ebizzy_mmap,1,110000,pv,2697,0,0,1789986777
ebizzy_mmap,1,55000,pv,2935,0,0,1789986793
ebizzy_mmap,1,55000,comboByp,2572,1992,3562,1789986808
ebizzy_mmap,1,22000,comboByp,2549,10090,29081,1789986824
ebizzy_mmap,1,22000,pv,2819,0,0,1789986839
ebizzy_mmap,2,220000,comboByp,2919,425,204,1789986854
ebizzy_mmap,2,220000,pv,2611,0,0,1789986870
ebizzy_mmap,2,110000,comboByp,2628,617,284,1789986885
ebizzy_mmap,2,110000,pv,2644,0,0,1789986900
ebizzy_mmap,2,55000,comboByp,2668,2319,4395,1789986916
ebizzy_mmap,2,55000,pv,2816,0,0,1789986931
ebizzy_mmap,2,22000,pv,2494,0,0,1789986946
ebizzy_mmap,2,22000,comboByp,2495,10128,25388,1789986962
ebizzy_mmap,3,220000,comboByp,2530,374,220,1789986977
ebizzy_mmap,3,220000,pv,2792,0,0,1789986993
ebizzy_mmap,3,110000,pv,2937,0,0,1789987008
ebizzy_mmap,3,110000,comboByp,2633,673,361,1789987023
ebizzy_mmap,3,55000,comboByp,2676,2313,4482,1789987039
ebizzy_mmap,3,55000,pv,2721,0,0,1789987054
ebizzy_mmap,3,22000,pv,2594,0,0,1789987069
ebizzy_mmap,3,22000,comboByp,2910,14963,44817,1789987085
ebizzy_mmap,4,220000,comboByp,2569,396,159,1789987100
ebizzy_mmap,4,220000,pv,2466,0,0,1789987115
ebizzy_mmap,4,110000,pv,2517,0,0,1789987131
ebizzy_mmap,4,110000,comboByp,2524,525,254,1789987146
ebizzy_mmap,4,55000,pv,2493,0,0,1789987161
ebizzy_mmap,4,55000,comboByp,3000,2664,5689,1789987177
ebizzy_mmap,4,22000,pv,2928,0,0,1789987192
ebizzy_mmap,4,22000,comboByp,2656,11681,31557,1789987208
ebizzy_mmap,5,220000,pv,2756,0,0,1789987223
ebizzy_mmap,5,220000,comboByp,2625,460,242,1789987238
ebizzy_mmap,5,110000,pv,2632,0,0,1789987254
ebizzy_mmap,5,110000,comboByp,2897,975,642,1789987269
ebizzy_mmap,5,55000,comboByp,2632,2177,4391,1789987284
ebizzy_mmap,5,55000,pv,2490,0,0,1789987300
ebizzy_mmap,5,22000,pv,2471,0,0,1789987315
ebizzy_mmap,5,22000,comboByp,2511,9988,28690,1789987330
ebizzy_mmap,6,220000,pv,2461,0,0,1789987346
ebizzy_mmap,6,220000,comboByp,2494,390,186,1789987361
ebizzy_mmap,6,110000,comboByp,2462,491,296,1789987377
ebizzy_mmap,6,110000,pv,3009,0,0,1789987392
ebizzy_mmap,6,55000,pv,2907,0,0,1789987407
ebizzy_mmap,6,55000,comboByp,2739,2510,5005,1789987423
ebizzy_mmap,6,22000,pv,2827,0,0,1789987438
ebizzy_mmap,6,22000,comboByp,2652,12199,37389,1789987453
stressng_flock,1,220000,comboByp,904352.76,4135,2237,1789987469
stressng_flock,1,220000,pv,995689.63,0,0,1789987484
stressng_flock,1,110000,comboByp,924021.74,7892,4917,1789987500
stressng_flock,1,110000,pv,855354.44,0,0,1789987515
stressng_flock,1,55000,comboByp,925583.35,48894,127648,1789987531
stressng_flock,1,55000,pv,1019174.74,0,0,1789987546
stressng_flock,1,22000,pv,1017007.60,0,0,1789987562
stressng_flock,1,22000,comboByp,996334.47,79912,358469,1789987577
stressng_flock,2,220000,pv,965792.77,0,0,1789987593
stressng_flock,2,220000,comboByp,917848.61,3891,1781,1789987608
stressng_flock,2,110000,comboByp,817510.32,7181,4718,1789987624
stressng_flock,2,110000,pv,1261199.75,0,0,1789987639
stressng_flock,2,55000,pv,1082677.19,0,0,1789987655
stressng_flock,2,55000,comboByp,932442.49,47816,127495,1789987670
stressng_flock,2,22000,comboByp,917746.35,70960,324281,1789987686
stressng_flock,2,22000,pv,856463.49,0,0,1789987701
stressng_flock,3,220000,pv,928492.75,0,0,1789987717
stressng_flock,3,220000,comboByp,987617.82,4924,2567,1789987732
stressng_flock,3,110000,pv,963883.38,0,0,1789987747
stressng_flock,3,110000,comboByp,850177.58,6632,3938,1789987763
stressng_flock,3,55000,pv,933555.55,0,0,1789987778
stressng_flock,3,55000,comboByp,975451.11,53242,140850,1789987794
stressng_flock,3,22000,pv,1063287.71,0,0,1789987809
stressng_flock,3,22000,comboByp,985977.50,80941,365018,1789987825
stressng_flock,4,220000,pv,976132.07,0,0,1789987840
stressng_flock,4,220000,comboByp,969793.98,3923,1824,1789987856
stressng_flock,4,110000,pv,921612.89,0,0,1789987871
stressng_flock,4,110000,comboByp,837947.69,7680,5044,1789987887
stressng_flock,4,55000,comboByp,756362.05,36292,96577,1789987902
stressng_flock,4,55000,pv,1317124.56,0,0,1789987918
stressng_flock,4,22000,comboByp,1198058.82,98979,449018,1789987933
stressng_flock,4,22000,pv,952842.10,0,0,1789987949
stressng_flock,5,220000,pv,937656.38,0,0,1789987964
stressng_flock,5,220000,comboByp,948426.18,1596,598,1789987980
stressng_flock,5,110000,comboByp,969304.96,7634,5070,1789987995
stressng_flock,5,110000,pv,886555.76,0,0,1789988011
stressng_flock,5,55000,pv,968310.36,0,0,1789988026
stressng_flock,5,55000,comboByp,952458.86,50217,137741,1789988041
stressng_flock,5,22000,comboByp,917537.95,70410,322568,1789988057
stressng_flock,5,22000,pv,1085747.69,0,0,1789988072
stressng_flock,6,220000,comboByp,970656.08,3884,1743,1789988088
stressng_flock,6,220000,pv,965016.15,0,0,1789988103
stressng_flock,6,110000,pv,838686.51,0,0,1789988119
stressng_flock,6,110000,comboByp,988988.36,7657,5026,1789988134
stressng_flock,6,55000,comboByp,1119963.87,60088,162807,1789988150
stressng_flock,6,55000,pv,919600.40,0,0,1789988165
stressng_flock,6,22000,comboByp,1003261.60,81745,366830,1789988181
stressng_flock,6,22000,pv,791401.41,0,0,1789988196
stressng_dentry,1,220000,pv,49710.02,0,0,1789988212
stressng_dentry,1,220000,comboByp,47849.60,12193,8851,1789988229
stressng_dentry,1,110000,comboByp,45282.51,11997,12278,1789988245
stressng_dentry,1,110000,pv,47784.31,0,0,1789988261
stressng_dentry,1,55000,pv,50534.64,0,0,1789988277
stressng_dentry,1,55000,comboByp,43662.63,11254,43675,1789988293
stressng_dentry,1,22000,pv,51021.68,0,0,1789988310
stressng_dentry,1,22000,comboByp,47297.90,39267,408178,1789988326
stressng_dentry,2,220000,pv,49036.53,0,0,1789988342
stressng_dentry,2,220000,comboByp,44708.88,9666,8419,1789988358
stressng_dentry,2,110000,pv,48241.31,0,0,1789988374
stressng_dentry,2,110000,comboByp,47221.23,17431,16525,1789988390
stressng_dentry,2,55000,comboByp,45380.52,15471,81766,1789988407
stressng_dentry,2,55000,pv,49532.67,0,0,1789988423
stressng_dentry,2,22000,comboByp,44701.03,29824,188294,1789988439
stressng_dentry,2,22000,pv,49155.98,0,0,1789988455
stressng_dentry,3,220000,pv,46812.98,0,0,1789988471
stressng_dentry,3,220000,comboByp,45078.69,11109,8485,1789988487
stressng_dentry,3,110000,pv,48702.61,0,0,1789988504
stressng_dentry,3,110000,comboByp,47242.23,19613,19516,1789988520
stressng_dentry,3,55000,pv,44762.12,0,0,1789988536
stressng_dentry,3,55000,comboByp,44562.29,13792,64203,1789988552
stressng_dentry,3,22000,comboByp,43110.56,23744,144194,1789988568
stressng_dentry,3,22000,pv,48133.85,0,0,1789988584
stressng_dentry,4,220000,pv,47225.35,0,0,1789988600
stressng_dentry,4,220000,comboByp,47839.62,11518,8269,1789988617
stressng_dentry,4,110000,pv,46482.11,0,0,1789988633
stressng_dentry,4,110000,comboByp,47606.96,15610,13545,1789988649
stressng_dentry,4,55000,pv,49125.88,0,0,1789988665
stressng_dentry,4,55000,comboByp,48282.61,29092,291684,1789988681
stressng_dentry,4,22000,pv,53747.36,0,0,1789988698
stressng_dentry,4,22000,comboByp,49730.08,46750,784308,1789988714
stressng_dentry,5,220000,comboByp,42140.58,7616,7679,1789988730
stressng_dentry,5,220000,pv,43932.81,0,0,1789988746
stressng_dentry,5,110000,comboByp,40320.82,9378,11265,1789988762
stressng_dentry,5,110000,pv,45575.95,0,0,1789988779
stressng_dentry,5,55000,pv,48889.43,0,0,1789988795
stressng_dentry,5,55000,comboByp,43436.92,16571,59517,1789988811
stressng_dentry,5,22000,pv,51547.75,0,0,1789988827
stressng_dentry,5,22000,comboByp,42669.31,22325,113842,1789988843
stressng_dentry,6,220000,pv,45184.36,0,0,1789988859
stressng_dentry,6,220000,comboByp,43513.68,10616,8332,1789988875
stressng_dentry,6,110000,comboByp,47548.99,12940,11905,1789988891
stressng_dentry,6,110000,pv,55375.08,0,0,1789988908
stressng_dentry,6,55000,pv,53565.97,0,0,1789988924
stressng_dentry,6,55000,comboByp,46320.42,18065,87763,1789988940
stressng_dentry,6,22000,comboByp,45383.45,33895,218139,1789988956
stressng_dentry,6,22000,pv,50035.29,0,0,1789988972
