workload,rep,arm,value,migrations
hackbench,1,pv,23.387,0
hackbench,1,t12,5.029,24260
hackbench,1,t12bypL,4.818,17199
hackbench,1,t12combo,4.708,17227
hackbench,1,t12bypLcombo,4.617,17609
hackbench,2,t12,4.741,18246
hackbench,2,t12bypL,4.570,16876
hackbench,2,t12combo,4.629,18290
hackbench,2,t12bypLcombo,4.786,17389
hackbench,2,pv,24.124,0
hackbench,3,t12bypL,5.657,40997
hackbench,3,t12combo,5.261,30519
hackbench,3,t12bypLcombo,4.894,22085
hackbench,3,pv,23.178,0
hackbench,3,t12,6.043,36663
hackbench,4,t12combo,5.283,26569
hackbench,4,t12bypLcombo,4.828,17750
hackbench,4,pv,23.468,0
hackbench,4,t12,5.944,33981
hackbench,4,t12bypL,5.130,22670
hackbench,5,t12bypLcombo,4.863,17710
hackbench,5,pv,23.324,0
hackbench,5,t12,6.189,45163
hackbench,5,t12bypL,5.615,31436
hackbench,5,t12combo,4.738,16882
hackbench,6,pv,23.382,0
hackbench,6,t12,6.512,51050
hackbench,6,t12bypL,5.138,28600
hackbench,6,t12combo,5.045,22732
hackbench,6,t12bypLcombo,4.759,18940
perf_sched_pipe,1,pv,19561,0
perf_sched_pipe,1,t12,61166,96
perf_sched_pipe,1,t12bypL,47065,133
perf_sched_pipe,1,t12combo,44515,142
perf_sched_pipe,1,t12bypLcombo,52930,107
perf_sched_pipe,2,t12,74233,87
perf_sched_pipe,2,t12bypL,45137,121
perf_sched_pipe,2,t12combo,49355,121
perf_sched_pipe,2,t12bypLcombo,49124,119
perf_sched_pipe,2,pv,19023,0
perf_sched_pipe,3,t12bypL,52081,113
perf_sched_pipe,3,t12combo,53992,108
perf_sched_pipe,3,t12bypLcombo,50672,126
perf_sched_pipe,3,pv,19571,0
perf_sched_pipe,3,t12,45682,131
perf_sched_pipe,4,t12combo,47379,125
perf_sched_pipe,4,t12bypLcombo,47272,123
perf_sched_pipe,4,pv,19623,0
perf_sched_pipe,4,t12,59475,104
perf_sched_pipe,4,t12bypL,55442,114
perf_sched_pipe,5,t12bypLcombo,47511,129
perf_sched_pipe,5,pv,20728,0
perf_sched_pipe,5,t12,47476,126
perf_sched_pipe,5,t12bypL,45561,142
perf_sched_pipe,5,t12combo,48017,125
perf_sched_pipe,6,pv,19769,0
perf_sched_pipe,6,t12,47635,122
perf_sched_pipe,6,t12bypL,47479,117
perf_sched_pipe,6,t12combo,45282,129
perf_sched_pipe,6,t12bypLcombo,49948,108
stressng_dentry,1,pv,71550.57,0
stressng_dentry,1,t12,138499.02,14125
stressng_dentry,1,t12bypL,138841.16,13723
stressng_dentry,1,t12combo,137028.71,13598
stressng_dentry,1,t12bypLcombo,134973.45,13712
stressng_dentry,2,t12,140423.34,13906
stressng_dentry,2,t12bypL,139299.54,14208
stressng_dentry,2,t12combo,135355.25,13693
stressng_dentry,2,t12bypLcombo,137649.51,13739
stressng_dentry,2,pv,69934.35,0
stressng_dentry,3,t12bypL,136617.63,14025
stressng_dentry,3,t12combo,135469.30,13357
stressng_dentry,3,t12bypLcombo,135144.85,13526
stressng_dentry,3,pv,67532.87,0
stressng_dentry,3,t12,137366.77,13458
stressng_dentry,4,t12combo,135809.30,13657
stressng_dentry,4,t12bypLcombo,134308.34,14034
stressng_dentry,4,pv,71204.63,0
stressng_dentry,4,t12,138139.59,13909
stressng_dentry,4,t12bypL,138813.35,14236
stressng_dentry,5,t12bypLcombo,135057.61,13819
stressng_dentry,5,pv,70442.26,0
stressng_dentry,5,t12,138635.91,14168
stressng_dentry,5,t12bypL,140064.88,13764
stressng_dentry,5,t12combo,134901.90,13879
stressng_dentry,6,pv,72967.09,0
stressng_dentry,6,t12,138131.00,14271
stressng_dentry,6,t12bypL,138769.64,14006
stressng_dentry,6,t12combo,135007.89,14398
stressng_dentry,6,t12bypLcombo,135671.18,15033
ebizzy_mmap,1,pv,933,0
ebizzy_mmap,1,t12,1601,9226
ebizzy_mmap,1,t12bypL,1564,9330
ebizzy_mmap,1,t12combo,1563,9093
ebizzy_mmap,1,t12bypLcombo,1604,9074
ebizzy_mmap,2,t12,1576,8990
ebizzy_mmap,2,t12bypL,1600,9219
ebizzy_mmap,2,t12combo,1560,9073
ebizzy_mmap,2,t12bypLcombo,1603,9284
ebizzy_mmap,2,pv,935,0
ebizzy_mmap,3,t12bypL,1596,9285
ebizzy_mmap,3,t12combo,1590,9087
ebizzy_mmap,3,t12bypLcombo,1603,9283
ebizzy_mmap,3,pv,923,0
ebizzy_mmap,3,t12,1587,9330
ebizzy_mmap,4,t12combo,1577,8865
ebizzy_mmap,4,t12bypLcombo,1595,9124
ebizzy_mmap,4,pv,902,0
ebizzy_mmap,4,t12,1575,9130
ebizzy_mmap,4,t12bypL,1601,9217
ebizzy_mmap,5,t12bypLcombo,1544,9362
ebizzy_mmap,5,pv,915,0
ebizzy_mmap,5,t12,1580,8971
ebizzy_mmap,5,t12bypL,1571,9168
ebizzy_mmap,5,t12combo,1586,8993
ebizzy_mmap,6,pv,911,0
ebizzy_mmap,6,t12,1583,9072
ebizzy_mmap,6,t12bypL,1594,9183
ebizzy_mmap,6,t12combo,1602,9080
ebizzy_mmap,6,t12bypLcombo,1565,9037
fsmark_tmpfs,1,pv,165197.5,0
fsmark_tmpfs,1,t12,335403.0,71
fsmark_tmpfs,1,t12bypL,529743.6,43
fsmark_tmpfs,1,t12combo,375482.3,106
fsmark_tmpfs,1,t12bypLcombo,496222.2,47
fsmark_tmpfs,2,t12,408023.6,85
fsmark_tmpfs,2,t12bypL,418002.7,44
fsmark_tmpfs,2,t12combo,381058.1,109
fsmark_tmpfs,2,t12bypLcombo,491734.3,34
fsmark_tmpfs,2,pv,166236.4,0
fsmark_tmpfs,3,t12bypL,403022.8,87
fsmark_tmpfs,3,t12combo,434925.6,37
fsmark_tmpfs,3,t12bypLcombo,403962.7,81
fsmark_tmpfs,3,pv,114350.3,0
fsmark_tmpfs,3,t12,452586.2,95
fsmark_tmpfs,4,t12combo,472299.6,40
fsmark_tmpfs,4,t12bypLcombo,424343.6,117
fsmark_tmpfs,4,pv,103707.1,0
fsmark_tmpfs,4,t12,443669.2,91
fsmark_tmpfs,4,t12bypL,541665.1,35
fsmark_tmpfs,5,t12bypLcombo,434288.1,91
fsmark_tmpfs,5,pv,132081.0,0
fsmark_tmpfs,5,t12,470236.1,59
fsmark_tmpfs,5,t12bypL,403875.4,94
fsmark_tmpfs,5,t12combo,426290.4,37
fsmark_tmpfs,6,pv,155566.8,0
fsmark_tmpfs,6,t12,417516.9,84
fsmark_tmpfs,6,t12bypL,514603.6,49
fsmark_tmpfs,6,t12combo,392051.1,79
fsmark_tmpfs,6,t12bypLcombo,453738.2,44
dbench,1,pv,236.803,0
dbench,1,t12,276.028,55357
dbench,1,t12bypL,275.511,55269
dbench,1,t12combo,269.532,54691
dbench,1,t12bypLcombo,273.505,55192
dbench,2,t12,275.107,55058
dbench,2,t12bypL,278.04,55959
dbench,2,t12combo,272.466,54724
dbench,2,t12bypLcombo,270.157,54948
dbench,2,pv,233.193,0
dbench,3,t12bypL,273.052,54505
dbench,3,t12combo,268.301,54088
dbench,3,t12bypLcombo,268.537,54232
dbench,3,pv,230.097,0
dbench,3,t12,271.183,55480
dbench,4,t12combo,269.262,56571
dbench,4,t12bypLcombo,268.677,68653
dbench,4,pv,267.36,0
dbench,4,t12,261.818,63983
dbench,4,t12bypL,263.56,69206
dbench,5,t12bypLcombo,260.112,68557
dbench,5,pv,232.168,0
dbench,5,t12,271.081,56106
dbench,5,t12bypL,268.221,55405
dbench,5,t12combo,270.817,55743
dbench,6,pv,227.104,0
dbench,6,t12,273.351,56517
dbench,6,t12bypL,277.314,56816
dbench,6,t12combo,278.321,57452
dbench,6,t12bypLcombo,279.369,57290
vips,1,pv,28.521259879,0
vips,1,t12,15.964039713,3480
vips,1,t12bypL,15.649111539,3516
vips,1,t12combo,17.898915301,3793
vips,1,t12bypLcombo,17.241523998,3766
vips,2,t12,21.277873446,5591
vips,2,t12bypL,20.044589248,4696
vips,2,t12combo,17.590874557,3728
vips,2,t12bypLcombo,17.208457396,3910
vips,2,pv,36.124598988,0
vips,3,t12bypL,14.840192607,3218
vips,3,t12combo,15.711136651,3474
vips,3,t12bypLcombo,17.812882257,3886
vips,3,pv,19.390146297,0
vips,3,t12,18.990335685,4363
vips,4,t12combo,15.829554716,3430
vips,4,t12bypLcombo,17.646040769,4063
vips,4,pv,27.627799890,0
vips,4,t12,18.118179367,3921
vips,4,t12bypL,17.661777564,3963
vips,5,t12bypLcombo,20.199624581,4832
vips,5,pv,23.653949267,0
vips,5,t12,17.503715340,3871
vips,5,t12bypL,18.005091206,4098
vips,5,t12combo,17.906900642,3633
vips,6,pv,44.299707154,0
vips,6,t12,16.207413095,3766
vips,6,t12bypL,17.601153372,3916
vips,6,t12combo,15.843573663,3455
vips,6,t12bypLcombo,14.466672092,3100
dedup,1,pv,133.596322092,0
dedup,1,t12,10.237693737,4317
dedup,1,t12bypL,10.753190617,4872
dedup,1,t12combo,10.740297195,4598
dedup,1,t12bypLcombo,10.328442865,4536
dedup,2,t12,12.762021436,6730
dedup,2,t12bypL,11.134324143,4830
dedup,2,t12combo,11.690728678,5803
dedup,2,t12bypLcombo,10.211630641,4185
dedup,2,pv,80.476342791,0
dedup,3,t12bypL,12.724788732,6952
dedup,3,t12combo,12.125920875,6273
dedup,3,t12bypLcombo,9.997254434,4182
dedup,3,pv,173.113703790,0
dedup,3,t12,11.830292305,5305
dedup,4,t12combo,12.903077630,5739
dedup,4,t12bypLcombo,9.622314576,3859
dedup,4,pv,177.261268892,0
dedup,4,t12,10.292987225,4476
dedup,4,t12bypL,11.672311717,6056
dedup,5,t12bypLcombo,13.013371501,7171
dedup,5,pv,162.362870687,0
dedup,5,t12,12.546297717,6744
dedup,5,t12bypL,10.203606856,3782
dedup,5,t12combo,13.261399178,7266
dedup,6,pv,23.104523576,0
dedup,6,t12,10.018296891,4200
dedup,6,t12bypL,12.439957213,6893
dedup,6,t12combo,11.606891318,5673
dedup,6,t12bypLcombo,10.401951210,4825
