#name	dir	timeout	command	extractor	dir_hilo
hackbench_pipe_thr	/root	120	hackbench -T -g2 -f8 -l150000	grep -oP '^Time:\s*\K[0-9.]+'	lo
hackbench_sock_thr	/root	120	hackbench -T -s 512 -g2 -f8 -l100000	grep -oP '^Time:\s*\K[0-9.]+'	lo
perf_epoll_wait	/root	120	perf bench epoll wait -t 36 -r 15	grep -oP 'Averaged\s+\K[0-9]+'	hi
dbench_16	/root	120	dbench -F -t 15 36 -D /root/dbench_test	grep -oP 'Throughput\s+\K[0-9.]+'	hi
ebizzy_mmap	/root	120	/home/nick/Desktop/ebizzy -S 15 -t 36 -m -s 4194304	grep -oP '^\K[0-9]+(?= records/s)'	hi
schbench	/root	120	bash -c '/root/bench/schbench/schbench -m 4 -t 8 -r 15 2>&1'	grep -oP 'average rps:\s*\K[0-9.]+'	hi
fsmark_tmpfs	/root	180	fs_mark -d /dev/shm/fsmark -D 16 -n 2000 -s 4096 -t 36 -L 1	grep -oP '^\s*\d+\s+\d+\s+\d+\s+\K[0-9.]+'	hi
stressng_flock	/root	120	stress-ng --flock 36 -t 15s --metrics-brief	grep -oP 'flock\s+\d+\s+[0-9.]+\s+[0-9.]+\s+[0-9.]+\s+\K[0-9.]+'	hi
stressng_pipe	/root	120	stress-ng --pipe 36 -t 15s --metrics-brief	grep -oP 'pipe\s+\d+\s+[0-9.]+\s+[0-9.]+\s+[0-9.]+\s+\K[0-9.]+'	hi
stressng_dentry	/root	120	stress-ng --dentry 36 -t 15s --metrics-brief	grep -oP 'dentry\s+\d+\s+[0-9.]+\s+[0-9.]+\s+[0-9.]+\s+\K[0-9.]+'	hi
stressng_sock	/root	120	stress-ng --sock 36 -t 15s --metrics-brief	grep -oP 'sock\s+\d+\s+[0-9.]+\s+[0-9.]+\s+[0-9.]+\s+\K[0-9.]+'	hi
