workload,cooldown_ns,rep,seconds,migrations
blackscholes,PV,1,21.456063231,0
blackscholes,PV,2,22.304977454,0
blackscholes,PV,3,21.573781987,0
blackscholes,0,1,21.017218643,1448
blackscholes,0,2,20.239984732,1418
blackscholes,0,3,20.455960087,1362
blackscholes,10000,1,20.721804922,394
blackscholes,10000,2,20.319467194,298
blackscholes,10000,3,20.391031292,642
blackscholes,25000,1,20.033728153,356
blackscholes,25000,2,20.558546313,391
blackscholes,25000,3,20.926203962,428
blackscholes,50000,1,20.779800171,2148
blackscholes,50000,2,20.363856287,344
blackscholes,50000,3,20.321763435,507
blackscholes,100000,1,20.236378049,343
blackscholes,100000,2,20.993160414,276
blackscholes,100000,3,21.053674384,275
blackscholes,400000,1,20.550132563,272
blackscholes,400000,2,19.678264401,304
blackscholes,400000,3,21.029316026,303
hackbench,PV,1,22.741,0
hackbench,PV,2,23.232,0
hackbench,PV,3,22.415,0
hackbench,0,1,7.424,39229
hackbench,0,2,7.132,34989
hackbench,0,3,7.193,33723
hackbench,10000,1,4.604,16700
hackbench,10000,2,4.755,17750
hackbench,10000,3,4.584,17003
hackbench,25000,1,4.682,17468
hackbench,25000,2,4.577,17566
hackbench,25000,3,4.594,17403
hackbench,50000,1,4.716,18443
hackbench,50000,2,4.765,17855
hackbench,50000,3,4.686,18455
hackbench,100000,1,4.977,18255
hackbench,100000,2,4.980,18363
hackbench,100000,3,5.060,18689
hackbench,400000,1,5.939,15173
hackbench,400000,2,5.886,16408
hackbench,400000,3,6.054,16017
