workload,thresh_ns,rep,value,tl_rejects,migrations
hackbench,250000,1,6.739,61870,17080
perf_sched_pipe,250000,1,31366,5253,112
stressng_dentry,250000,1,128346.26,286419,11837
ebizzy_mmap,250000,1,1145,22753,2359
fsmark_tmpfs,250000,1,101781.7,1072,69
dbench,250000,1,250.342,103702,13017
dedup,250000,1,45.656612029,27328,5279
vips,250000,1,19.535798358,6413,1806
hackbench,500000,1,6.664,67602,14269
perf_sched_pipe,500000,1,29731,2123,125
stressng_dentry,500000,1,136741.09,32318,12329
ebizzy_mmap,500000,1,1148,15983,1801
fsmark_tmpfs,500000,1,411353.6,601,24
dbench,500000,1,251.502,83227,19549
dedup,500000,1,17.330839926,7351,4458
vips,500000,1,17.770234885,12829,1927
hackbench,1000000,1,5.833,52142,13832
perf_sched_pipe,1000000,1,41995,768,120
stressng_dentry,1000000,1,135189.32,22497,11879
ebizzy_mmap,1000000,1,1228,13548,2610
fsmark_tmpfs,1000000,1,511342.3,154,20
dbench,1000000,1,255.185,63072,28938
dedup,1000000,1,13.630146641,4033,3518
vips,1000000,1,15.299841885,3333,1985
hackbench,2000000,1,5.053,20366,17022
perf_sched_pipe,2000000,1,38497,413,128
stressng_dentry,2000000,1,137247.94,4297,13459
ebizzy_mmap,2000000,1,1316,11039,3391
fsmark_tmpfs,2000000,1,608588.7,71,19
dbench,2000000,1,264.638,18533,46180
dedup,2000000,1,13.911619507,2848,5250
vips,2000000,1,16.194596438,1857,3080
hackbench,4000000,1,4.651,34235,17880
perf_sched_pipe,4000000,1,42507,38,136
stressng_dentry,4000000,1,137167.50,1349,12875
ebizzy_mmap,4000000,1,1420,8119,4425
fsmark_tmpfs,4000000,1,522442.2,44,13
dbench,4000000,1,260.546,8956,48689
dedup,4000000,1,10.732242422,741,3670
vips,4000000,1,14.467751959,1190,3289
hackbench,8000000,1,4.677,1848,18098
perf_sched_pipe,8000000,1,55914,4,103
stressng_dentry,8000000,1,135995.42,1336,13155
ebizzy_mmap,8000000,1,1475,5074,5904
fsmark_tmpfs,8000000,1,762677.4,2,15
dbench,8000000,1,263.113,6555,50151
dedup,8000000,1,12.856118676,1002,5235
vips,8000000,1,13.803216916,4345,2749
hackbench,16000000,1,4.735,827,18464
perf_sched_pipe,16000000,1,53705,0,109
stressng_dentry,16000000,1,137132.22,1166,12479
ebizzy_mmap,16000000,1,1531,2616,7056
fsmark_tmpfs,16000000,1,556879.5,0,19
dbench,16000000,1,262.104,3136,51441
dedup,16000000,1,11.631046329,436,4830
vips,16000000,1,14.877275834,235,2850
hackbench,500000,2,7.229,75994,16577
perf_sched_pipe,500000,2,29881,1677,112
stressng_dentry,500000,2,132188.26,44981,11729
ebizzy_mmap,500000,2,1204,17821,1953
fsmark_tmpfs,500000,2,342811.5,875,20
dbench,500000,2,252.991,101310,12623
dedup,500000,2,66.057360573,36304,6405
vips,500000,2,19.353124775,8033,1245
hackbench,1000000,2,6.014,46792,16234
perf_sched_pipe,1000000,2,44093,821,107
stressng_dentry,1000000,2,134485.30,29744,11519
ebizzy_mmap,1000000,2,1154,16098,2171
fsmark_tmpfs,1000000,2,286236.3,1052,67
dbench,1000000,2,259.545,85651,18566
dedup,1000000,2,23.654375245,8231,5316
vips,1000000,2,18.751809901,5695,2192
hackbench,2000000,2,5.060,20944,18297
perf_sched_pipe,2000000,2,42806,606,129
stressng_dentry,2000000,2,136560.36,22710,14281
ebizzy_mmap,2000000,2,1978,7058,14594
fsmark_tmpfs,2000000,2,733102.9,17,39
dbench,2000000,2,262.922,27387,59459
dedup,2000000,2,10.731367609,2257,7236
vips,2000000,2,12.949015028,575,3393
hackbench,4000000,2,4.754,2703,18320
perf_sched_pipe,4000000,2,28484,7,176
stressng_dentry,4000000,2,135795.27,1264,12548
ebizzy_mmap,4000000,2,1358,5642,5231
fsmark_tmpfs,4000000,2,387307.6,549,31
dbench,4000000,2,263.321,9987,47831
dedup,4000000,2,11.190960928,719,4151
vips,4000000,2,15.491688072,321,2874
hackbench,8000000,2,4.803,1964,16885
perf_sched_pipe,8000000,2,47806,8,119
stressng_dentry,8000000,2,135868.76,828,12576
ebizzy_mmap,8000000,2,1403,3918,6195
fsmark_tmpfs,8000000,2,511430.4,1,16
dbench,8000000,2,263.83,9673,48759
dedup,8000000,2,10.870371050,754,4743
vips,8000000,2,15.717689821,257,3238
hackbench,16000000,2,4.706,1337,17668
perf_sched_pipe,16000000,2,45928,10,120
stressng_dentry,16000000,2,136624.39,1034,12972
ebizzy_mmap,16000000,2,1463,1748,7118
fsmark_tmpfs,16000000,2,465641.8,0,20
dbench,16000000,2,262.943,6385,49340
dedup,16000000,2,11.422724909,277,5305
vips,16000000,2,15.600177179,123,3334
hackbench,250000,2,6.474,57744,17006
perf_sched_pipe,250000,2,34819,1695,97
stressng_dentry,250000,2,135440.80,36208,11957
ebizzy_mmap,250000,2,1073,15186,1559
fsmark_tmpfs,250000,2,282089.6,696,53
dbench,250000,2,252.998,86915,18800
dedup,250000,2,16.637874755,8491,4159
vips,250000,2,19.626677933,7350,2358
