pair,workload,sampler,value
1,ebizzy_mmap,200000,536
1,perf_sched_pipe,200000,15197
1,ebizzy_mmap,0,896
1,perf_sched_pipe,0,19792
1,ebizzy_mmap,0,917
1,perf_sched_pipe,0,19940
1,ebizzy_mmap,200000,531
1,perf_sched_pipe,200000,17779
2,ebizzy_mmap,0,911
2,perf_sched_pipe,0,19127
2,ebizzy_mmap,200000,577
2,perf_sched_pipe,200000,16489
2,ebizzy_mmap,200000,506
2,perf_sched_pipe,200000,14533
2,ebizzy_mmap,0,866
2,perf_sched_pipe,0,19206
3,ebizzy_mmap,200000,521
3,perf_sched_pipe,200000,17657
3,ebizzy_mmap,0,939
3,perf_sched_pipe,0,19115
3,ebizzy_mmap,0,1820
3,perf_sched_pipe,0,18661
3,ebizzy_mmap,200000,549
3,perf_sched_pipe,200000,15832
4,ebizzy_mmap,0,983
4,perf_sched_pipe,0,19943
4,ebizzy_mmap,200000,542
4,perf_sched_pipe,200000,16043
4,ebizzy_mmap,200000,562
4,perf_sched_pipe,200000,15015
4,ebizzy_mmap,0,1002
4,perf_sched_pipe,0,19499
