workload,arm,rep,perf,dur_s,migs,wait_ns,node_iters,head_iters,prelock
ebizzy_mmap,pv,1,939,15.046,0,2103230370,52435636,11796480,0
ebizzy_mmap,best,1,1387,15.044,6798,1858634181,41341505,6884864,1608298
ebizzy_mmap,best_probed,1,1385,15.047,7715,1871808189,39319047,6315264,1719739
ebizzy_mmap,best,2,1399,15.086,5279,1898438699,43975958,7741440,927905
ebizzy_mmap,best_probed,2,1402,15.060,6224,2311552794,56697687,6617344,1075179
ebizzy_mmap,pv,2,946,15.079,0,2255677885,59229794,11796480,0
ebizzy_mmap,best_probed,3,1395,15.062,6356,1947182686,42247245,6348544,1101727
ebizzy_mmap,pv,3,969,15.123,0,2572221523,69563887,12910592,0
ebizzy_mmap,best,3,1347,15.045,5590,1912873083,40095196,6796800,1507689
hackbench_pipe_thr,pv,1,22.283,22.309,0,97115729644,2575417632,297598976,0
hackbench_pipe_thr,best,1,5.040,5.058,18795,3454691207,95611379,1703936,30112866
hackbench_pipe_thr,best_probed,1,5.130,5.166,18471,3438158872,90005986,1878528,30215773
hackbench_pipe_thr,best,2,5.161,5.169,19129,3580270070,100620078,1638400,30133340
hackbench_pipe_thr,best_probed,2,5.000,5.012,18294,3359020634,92502455,1409024,30184398
hackbench_pipe_thr,pv,2,20.402,20.442,0,83644226795,2292449330,247201792,0
hackbench_pipe_thr,best_probed,3,5.065,5.080,19015,3360064343,90658762,1691904,30159429
hackbench_pipe_thr,pv,3,20.248,20.268,0,80992638573,2244150107,241500160,0
hackbench_pipe_thr,best,3,5.156,5.192,21185,3658170279,102780610,1780480,30100684
dbench_16,pv,1,232.897,18.150,0,8970744843,365070017,23461888,0
dbench_16,best,1,247.533,18.131,60569,4154566449,209320975,7445760,6539226
dbench_16,best_probed,1,254.553,18.151,59055,4083669335,208810799,6190592,6779806
dbench_16,best,2,254.091,18.122,53936,3910618001,203915044,3729920,7130519
dbench_16,best_probed,2,245.719,18.147,58517,3803427094,197068683,6793216,6517611
dbench_16,pv,2,227.777,18.161,0,8226166277,334774314,22872064,0
dbench_16,best_probed,3,249.856,18.126,57630,4036321132,212397565,9147136,6734701
dbench_16,pv,3,228.044,18.152,0,3967583959,228917755,4128768,0
dbench_16,best,3,254.543,18.143,52525,3443714559,194878591,983040,6656021
wis_mmap2,pv,1,289727,21.219,0,650121050,13343447,8257536,0
wis_mmap2,best,1,308697,21.244,300,750692128,14897595,7864320,101266
wis_mmap2,best_probed,1,351559,21.104,426,1041251134,19880585,9109504,246407
wis_mmap2,best,2,333527,21.217,271,684606088,10887701,5730304,102917
wis_mmap2,best_probed,2,350180,21.161,521,1240111956,24122375,8920320,250125
wis_mmap2,pv,2,258333,21.160,0,1081894138,30710841,10551296,0
wis_mmap2,best_probed,3,332275,21.208,580,744218365,11262803,7176192,247334
wis_mmap2,pv,3,255797,21.248,0,898443609,22373893,11337728,0
wis_mmap2,best,3,321253,21.150,265,858943092,14421025,10059776,106388
fsmark_tmpfs,pv,1,91682.4,5.681,0,448853174,10113702,4358144,0
fsmark_tmpfs,best,1,332211.7,1.556,748,334196575,7993929,131072,5681133
fsmark_tmpfs,best_probed,1,316190.8,1.634,1087,369844475,9249706,327680,5804020
fsmark_tmpfs,best,2,299814.1,1.678,794,347284522,7240411,0,5781890
fsmark_tmpfs,best_probed,2,295150.7,1.752,994,384278576,8540574,65536,5900787
fsmark_tmpfs,pv,2,86985.7,5.815,0,448925881,14404877,3178496,0
fsmark_tmpfs,best_probed,3,285764.4,1.785,1136,373617473,8105951,196608,5901800
fsmark_tmpfs,pv,3,84837.0,5.960,0,408014481,9243335,4751360,0
fsmark_tmpfs,best,3,296881.6,1.699,792,382418300,8528310,266496,5780270
psearchy,pv,1,6.484394,34.725,0,2720168146,91556483,12320768,0
psearchy,best,1,6.684009,33.691,209,2902564549,37199598,8893440,12252302
psearchy,best_probed,1,6.668194,33.761,455,2627236632,32208602,7466752,12371466
psearchy,best,2,6.446726,34.929,299,2572752644,38410929,8649728,12210355
psearchy,best_probed,2,6.416846,35.096,412,2617258269,29540081,9149696,12455267
psearchy,pv,2,6.283069,35.856,0,2131337505,59608918,9469952,0
psearchy,best_probed,3,6.429975,35.018,488,2450661980,32784251,8271360,12350937
psearchy,pv,3,6.472548,34.823,0,2454699839,69349137,11108352,0
psearchy,best,3,6.713323,33.554,236,2744692921,37597572,9601280,12093974
memtier_memcached,pv,1,298678.30,11.200,0,1262921547,155281556,50036736,0
memtier_memcached,best,1,314088.38,11.222,126247,567717240,11651252,5659136,8285926
memtier_memcached,best_probed,1,304974.80,10.211,122619,668236190,13397684,7514624,8291422
memtier_memcached,best,2,308909.60,11.325,129287,642357329,14240569,6193152,8403431
memtier_memcached,best_probed,2,304629.44,11.177,126182,647652109,19481250,6760192,8518181
memtier_memcached,pv,2,289474.94,11.179,0,1226627890,135685287,52854784,0
memtier_memcached,best_probed,3,310289.58,11.191,114998,653015152,15507979,7260416,8286986
memtier_memcached,pv,3,297419.42,11.202,0,1332559790,165849687,62095360,0
memtier_memcached,best,3,312644.56,11.306,122411,641813674,15452949,8235008,8421002
nhextend_full,pv,1,276771,8.027,0,127425436,2272809,294912,0
nhextend_full,best,1,335484,8.028,8365,143707244,3638094,98304,3587845
nhextend_full,best_probed,1,334018,8.028,9246,254846747,9012694,98304,3708561
nhextend_full,best,2,334083,8.027,9383,113780733,2958008,196608,3579934
nhextend_full,best_probed,2,332467,8.027,10560,134570858,2611385,229376,3744385
nhextend_full,pv,2,270535,8.066,0,408839927,4736491,819200,0
nhextend_full,best_probed,3,338892,8.026,8069,209893148,7173863,149504,3781493
nhextend_full,pv,3,288050,8.065,0,87730084,1280862,131072,0
nhextend_full,best,3,338846,8.026,7867,93635168,1939969,65536,3549625
schbench,pv,1,3053.87,15.057,0,504708698,7441993,10354688,0
schbench,best,1,3049.73,15.035,10026,467415241,3942695,12591104,813374
schbench,best_probed,1,3020.73,15.028,10848,404233847,4013834,9905152,961064
schbench,best,2,3068.60,15.032,10096,426277882,3500898,10694400,815368
schbench,best_probed,2,3026.53,15.052,10799,867720902,7594984,16231424,955478
schbench,pv,2,2890.47,15.049,0,1708963036,39221140,37224448,0
schbench,best_probed,3,3047.40,15.051,11155,483726534,5582262,8397312,1056896
schbench,pv,3,3018.47,15.046,0,481128063,5787481,6914048,0
schbench,best,3,3215.40,15.039,11513,187804510,2475995,4564992,454203
parsec_vips,pv,1,14.5603,14.560,0,181133053,5377386,622592,0
parsec_vips,best,1,11.4724,11.472,3643,28871371,250217,622592,598496
parsec_vips,best_probed,1,9.9070,9.907,3603,81490803,2793393,131072,736233
parsec_vips,best,2,11.5162,11.516,4155,32949012,1303597,229376,614869
parsec_vips,best_probed,2,11.3420,11.342,4418,141399825,5637489,65536,754087
