workload,arm_ns,rep,perf,dur_s,ipi,wait_ns,wait_events,migs,mig_n,mig_disp_ns,mig_move_ns,mig_cost_ns,mig_rqwait_ns,g1_reject
hackbench_pipe_thr,0,1,55.2730,18.104,356810,69415020776,4149956,0,0,0,0,0,0,0
hackbench_pipe_thr,250000,1,151.9757,6.597,114373,7449917899,2824397,21621,21630,33601461,179347759,212949220,5036627737,0
hackbench_pipe_thr,500000,1,198.7281,5.045,87959,3818035591,2486786,17999,18008,26323763,107706787,134030550,4791399314,62760
hackbench_pipe_thr,1000000,1,197.5894,5.094,80417,3383410240,2464894,17767,17784,30536083,109998314,140534397,4764783822,472337
hackbench_pipe_thr,2000000,1,194.4012,5.168,89212,3833908947,2465910,16661,16677,22950762,110382380,133333142,4522022274,479151
hackbench_pipe_thr,4000000,1,209.7755,4.794,74212,2915161112,2389596,17789,17798,25243644,101254927,126498571,4799123997,462407
hackbench_pipe_thr,8000000,1,193.3488,5.199,84442,3405304461,2430489,20076,20088,27626725,144870522,172497247,5108567462,472580
hackbench_pipe_thr,16000000,1,208.8991,4.811,75917,3007868316,2390585,17908,17919,27653886,101866862,129520748,4761364463,465638
hackbench_pipe_thr,250000,2,183.1502,5.476,92273,4691488711,2630069,15441,15448,20316235,99446283,119762518,3995140733,457179
hackbench_pipe_thr,500000,2,200.1601,5.009,83840,3525444729,2456920,17399,17414,25411222,103131943,128543165,4609551577,470243
hackbench_pipe_thr,1000000,2,185.8391,5.389,95851,3846138916,2434453,18185,18194,30849597,119147010,149996607,4844187717,476368
hackbench_pipe_thr,2000000,2,199.3223,5.036,90577,3652283884,2476598,17102,17113,22555195,100770828,123326023,4510622547,483538
hackbench_pipe_thr,4000000,2,199.2826,5.039,74242,3047287390,2333422,17372,17385,25313109,108200844,133513953,4965179230,460911
hackbench_pipe_thr,8000000,2,201.4099,4.978,87192,3224126750,2399188,18030,18041,24665601,102501559,127167160,4793363142,478979
hackbench_pipe_thr,16000000,2,192.3817,5.220,85374,3322077960,2397137,19337,19350,34660149,153228382,187888531,5120961067,469947
hackbench_pipe_thr,0,2,54.9209,18.235,355997,71322783269,4259511,0,0,0,0,0,0,0
hackbench_pipe_thr,500000,3,197.8239,5.072,94529,3646723410,2472712,17320,17339,23427159,107523968,130951127,4561660640,0
hackbench_pipe_thr,1000000,3,190.3312,5.260,93097,3974437487,2484674,17086,17091,24920983,109834917,134755900,4598020671,132073
hackbench_pipe_thr,2000000,3,199.7204,5.034,93624,3100015022,2418444,17252,18930,25493203,113261451,138754654,4841291225,480061
hackbench_pipe_thr,4000000,3,197.7457,5.071,76711,3397463520,2402897,17574,17636,26128201,106822816,132951017,4795318902,471850
hackbench_pipe_thr,8000000,3,204.4572,4.907,73691,3067782962,2371504,17873,17886,26110981,101978609,128089590,5076742328,460628
hackbench_pipe_thr,16000000,3,200.9646,4.995,80119,2920288243,2356726,17858,17936,28294680,107578335,135873015,4827571690,473982
hackbench_pipe_thr,0,3,52.1730,19.191,384297,73732754322,4292558,0,0,0,0,0,0,0
hackbench_pipe_thr,250000,3,144.6969,6.918,138278,8026316202,2870752,23892,25261,37537739,226638421,264176160,5102250983,0
hackbench_pipe_thr,1000000,4,198.8467,5.042,94766,3532325484,2480586,18580,18601,24814134,113602120,138416254,4789969590,89459
hackbench_pipe_thr,2000000,4,196.2323,5.120,89037,3717873178,2528611,17420,17428,23525411,106605947,130131358,4741827930,480928
hackbench_pipe_thr,4000000,4,201.4910,4.981,83446,3185578883,2374284,16776,16785,23978825,122816676,146795501,4520834782,471252
hackbench_pipe_thr,8000000,4,203.3347,4.934,79756,3160172187,2414852,18164,18166,23685193,107867409,131552602,4861320566,469895
hackbench_pipe_thr,16000000,4,200.4812,5.006,86346,3200015286,2422488,16858,16869,25075850,102683816,127759666,4598260346,478988
hackbench_pipe_thr,0,4,53.3703,18.754,395802,71272252494,4281190,0,0,0,0,0,0,0
hackbench_pipe_thr,250000,4,152.9754,6.551,125989,7893694632,2898880,18298,18306,27515939,167704496,195220435,4157363796,0
hackbench_pipe_thr,500000,4,196.5409,5.122,89415,3681110259,2465980,18940,18956,24634040,105431399,130065439,5141678956,12905
hackbench_pipe_thr,2000000,5,201.6942,4.978,84309,3205058972,2409986,17399,17412,23613862,100049002,123662864,4755560833,473862
hackbench_pipe_thr,4000000,5,202.2245,4.959,75097,3231398612,2391100,17274,17282,24875245,101648617,126523862,4708116936,464751
hackbench_pipe_thr,8000000,5,199.7204,5.032,91526,3545556437,2447650,19677,19687,30450898,122140009,152590907,5309887346,476290
hackbench_pipe_thr,16000000,5,207.9002,4.848,72380,3090068530,2339248,18040,18057,24270111,93582489,117852600,5206897899,460377
hackbench_pipe_thr,0,5,50.2185,19.929,435559,81773989110,4531522,0,0,0,0,0,0,0
hackbench_pipe_thr,250000,5,193.1621,5.192,95680,3740751233,2490896,26640,26655,42336158,205334722,247670880,5299982528,0
hackbench_pipe_thr,500000,5,188.3239,5.344,85337,4111411148,2474232,17888,17899,25691241,118310937,144002178,4822603600,35321
hackbench_pipe_thr,1000000,5,179.5977,5.582,88059,4423950993,2507621,19782,19792,26188559,138178616,164367175,4928434292,464425
ebizzy_mmap,0,1,979.0000,15.070,207566,2298983501,165321,0,0,0,0,0,0,0
ebizzy_mmap,250000,1,1335.0000,15.049,275845,2148425207,246636,4008,4011,17470526,68509067,85979593,1177113581,64265
ebizzy_mmap,500000,1,1292.0000,15.068,261930,1894078999,224853,3369,3382,18367881,51190850,69558731,961381684,60420
ebizzy_mmap,1000000,1,1390.0000,15.052,284632,1680472434,254803,4374,4390,20627005,65294221,85921226,1282708851,68978
ebizzy_mmap,2000000,1,1406.0000,15.060,278125,2063679735,247395,4367,4375,29945505,68598105,98543610,1190410944,70890
ebizzy_mmap,4000000,1,1425.0000,15.077,297544,1703779007,262527,5696,5714,25565457,96332784,121898241,1438038726,73750
ebizzy_mmap,8000000,1,1514.0000,15.053,307915,1485849923,274461,7102,7110,25106244,105478379,130584623,1663908777,82445
ebizzy_mmap,16000000,1,1401.0000,15.062,285256,1884485156,249106,5774,5790,26325862,95747228,122073090,1407189868,73041
ebizzy_mmap,250000,2,1365.0000,15.039,269398,1848449781,238834,3697,3711,17154599,57531348,74685947,1089467481,66981
ebizzy_mmap,500000,2,1303.0000,15.047,258208,2011188547,225768,2976,2985,15622778,39465200,55087978,886785155,60843
ebizzy_mmap,1000000,2,1385.0000,15.103,285541,1496866588,252208,4383,4396,16068846,55605862,71674708,1217934516,67830
ebizzy_mmap,2000000,2,1437.0000,15.041,283990,1342612053,252990,5052,5062,21721244,79652207,101373451,1248081510,73839
ebizzy_mmap,4000000,2,1374.0000,15.046,275822,1916329806,245219,4189,4197,20489207,73999664,94488871,1088941590,68486
ebizzy_mmap,8000000,2,1525.0000,15.046,310961,1581969238,280548,7247,7253,22492092,97499387,119991479,1764303382,82469
ebizzy_mmap,16000000,2,1529.0000,15.069,312177,1754254192,278218,7735,7752,27759349,120612199,148371548,1810006881,84300
ebizzy_mmap,0,2,986.0000,15.107,208423,2346943165,171666,0,0,0,0,0,0,0
ebizzy_mmap,500000,3,1382.0000,15.049,277848,1518395494,247600,4229,4236,16182685,59903928,76086613,1288716783,68020
ebizzy_mmap,1000000,3,1388.0000,15.053,278166,1797826486,242460,4340,4347,18570933,72150431,90721364,1163801402,69565
ebizzy_mmap,2000000,3,1321.0000,15.034,266585,1975217937,233818,3474,3485,12871166,60879107,73750273,1072727271,62934
ebizzy_mmap,4000000,3,1449.0000,15.047,296919,1287542612,264479,6070,6085,19626544,92680032,112306576,1563070602,75466
ebizzy_mmap,8000000,3,1520.0000,15.055,307075,1515435172,275137,7202,7207,19617756,100871168,120488924,1613836801,82891
ebizzy_mmap,16000000,3,1453.0000,15.069,296170,1559242379,260999,6098,6111,26585529,110277685,136863214,1495612726,76309
ebizzy_mmap,0,3,997.0000,15.061,214149,2408494642,176870,0,0,0,0,0,0,0
ebizzy_mmap,250000,3,1352.0000,15.069,272195,1698489008,239472,3931,3948,11915894,60735142,72651036,1217871110,66528
ebizzy_mmap,1000000,4,1385.0000,15.052,274827,1705824798,242334,4154,4163,21228947,62470139,83699086,1159683641,68484
ebizzy_mmap,2000000,4,1343.0000,15.049,270376,2118419811,237849,3555,3565,19930332,86882684,106813016,947712759,64821
ebizzy_mmap,4000000,4,1403.0000,15.042,285296,1494006753,252352,5446,5458,21167875,85651610,106819485,1508107231,71510
ebizzy_mmap,8000000,4,1526.0000,15.055,311743,1541291757,278086,7368,7381,29265508,130713753,159979261,1693716909,83469
ebizzy_mmap,16000000,4,1533.0000,15.054,314810,1547954661,279647,7740,7747,27427104,125242248,152669352,1738645586,84235
ebizzy_mmap,0,4,979.0000,15.052,207920,2542758910,172982,0,0,0,0,0,0,0
ebizzy_mmap,250000,4,1259.0000,15.042,260262,1817374511,224506,3127,3143,25754976,66038160,91793136,904249812,57437
ebizzy_mmap,500000,4,1371.0000,15.043,266772,1590478393,237275,3829,3839,16913932,58514702,75428634,1113455555,67523
ebizzy_mmap,2000000,5,1432.0000,15.057,284625,1701608609,251769,5062,5071,15944047,79724408,95668455,1253981036,73887
ebizzy_mmap,4000000,5,1393.0000,15.032,279412,1787263343,246958,4209,4220,22089922,59856746,81946668,1092220811,69215
ebizzy_mmap,8000000,5,1399.0000,15.034,290288,1885264541,250432,5865,5870,25646254,104607128,130253382,1381917924,70527
ebizzy_mmap,16000000,5,1516.0000,15.071,317647,1534150779,284128,7808,7822,28656813,110484955,139141768,1947721897,83272
ebizzy_mmap,0,5,980.0000,15.039,203890,2523752529,169205,0,0,0,0,0,0,0
ebizzy_mmap,250000,5,1290.0000,15.059,257678,2138214554,222058,3196,3206,19162445,46791757,65954202,899122753,60355
ebizzy_mmap,500000,5,1292.0000,15.053,259112,2092927315,224534,3098,3108,14394445,73299470,87693915,927292555,60031
ebizzy_mmap,1000000,5,1258.0000,15.068,257828,1429566560,220086,3635,3650,18002992,66369570,84372562,1156600719,58637
parsec_dedup,0,1,17.4468,57.334,1997153,181321577,44144,0,0,0,0,0,0,0
parsec_dedup,250000,1,33.3873,29.976,6081310,225962997,113141,7415,7440,41957306,104612897,146570203,9849689785,190733
parsec_dedup,500000,1,91.5650,10.945,1616167,172099269,39314,4630,4648,13122921,29792317,42915238,7431512550,85317
parsec_dedup,1000000,1,87.5534,11.443,2249063,77154458,42680,5077,5118,15481108,31468345,46949453,9217798586,92376
parsec_dedup,2000000,1,75.4905,13.264,5855144,138260513,115670,6772,6800,15751563,38242775,53994338,11709996730,180185
parsec_dedup,4000000,1,84.4787,11.860,2260865,65216102,48291,5079,5101,14636088,34866933,49503021,8617888025,100676
parsec_dedup,8000000,1,81.2381,12.331,2079431,47633450,45075,6334,6351,16571713,56349946,72921659,10240063241,95415
parsec_dedup,16000000,1,74.7345,13.399,6317396,234119130,122977,8116,8139,25672997,70162362,95835359,12942309319,183381
parsec_dedup,250000,2,70.1676,14.276,6079150,148925929,125558,6839,6860,17183346,38612593,55795939,11918813663,182441
parsec_dedup,500000,2,82.4865,12.146,1783389,60470366,39373,5096,5115,10049355,31491004,41540359,8405227586,81149
parsec_dedup,1000000,2,69.3260,14.442,5483425,167004318,119606,7146,7163,19651775,62415567,82067342,12139703297,171073
parsec_dedup,2000000,2,62.8804,15.929,5753629,190980464,118044,6914,6947,31595185,65063574,96658759,12045475002,172416
parsec_dedup,4000000,2,76.7996,13.041,1605966,111036617,35239,6185,6215,15476423,56792697,72269120,9095131952,88049
parsec_dedup,8000000,2,95.4791,10.491,2390139,79723664,43562,5313,5352,9266994,31507896,40774890,9287809658,95836
parsec_dedup,16000000,2,91.3659,10.968,3968980,112908395,83051,6132,6151,14916342,31157315,46073657,11373419421,132178
parsec_dedup,0,2,13.2757,75.342,2562471,270972387,47248,0,0,0,0,0,0,0
parsec_dedup,500000,3,53.0946,18.860,6073784,266705209,124329,6566,6588,16102736,58075518,74178254,9448565533,184971
parsec_dedup,1000000,3,99.0344,10.119,1485634,229017182,31540,4325,4358,12203516,34095601,46299117,7775576649,80665
parsec_dedup,2000000,3,95.8947,10.445,1518760,120340488,31606,4630,4656,11491528,31656917,43148445,8515541904,83068
parsec_dedup,4000000,3,91.6859,10.924,1941253,105725010,41302,5190,5213,19947829,30922432,50870261,9676165355,92255
parsec_dedup,8000000,3,95.7222,10.468,1365922,71744158,35873,4844,4876,17176850,33367980,50544830,8328640521,80598
parsec_dedup,16000000,3,90.7680,11.036,1984349,69515946,35316,5023,5045,13440678,41364502,54805180,9166631781,93769
parsec_dedup,0,3,22.8206,43.881,1435260,259566066,33114,0,0,0,0,0,0,0
parsec_dedup,250000,3,34.1292,29.318,6008879,225971446,116870,6666,6690,18146471,63784453,81930924,10169675322,191533
parsec_dedup,1000000,4,96.3837,10.400,1891892,49979237,40057,4544,4564,10299906,31832815,42132721,7871475542,86794
parsec_dedup,2000000,4,61.1434,16.378,6011348,151956010,122029,7409,7436,26789038,46311998,73101036,11689375198,184924
parsec_dedup,4000000,4,77.1141,12.987,6226247,152793671,122853,7245,7265,14253315,47315684,61568999,13395970240,185139
parsec_dedup,8000000,4,76.5967,13.079,6145859,145641968,128757,6724,6742,22504559,39394421,61898980,11458523966,184740
parsec_dedup,16000000,4,85.0622,11.779,2086781,137819388,66346,6010,6036,15147039,56536224,71683263,9687743915,110652
parsec_dedup,0,4,9.1357,109.491,3966312,372805963,94743,0,0,0,0,0,0,0
parsec_dedup,250000,4,48.1332,20.806,1301412,49131344,33259,3769,3791,21254671,57235312,78489983,4314228717,81307
parsec_dedup,500000,4,92.9213,10.788,1598577,142868341,33859,3984,4017,7354527,27330198,34684725,5704370180,83618
parsec_dedup,2000000,5,87.9136,11.399,2454265,66912026,44147,5172,5202,17423109,37826121,55249230,9640632511,105617
parsec_dedup,4000000,5,94.8839,10.556,1948851,48664320,45952,5046,5058,10717515,30719373,41436888,9763581820,93270
parsec_dedup,8000000,5,101.5672,9.867,1734225,69953555,41519,5088,5110,8779510,38557192,47336702,8838994156,83884
parsec_dedup,16000000,5,69.4830,14.409,6547513,149482282,133115,8046,8055,24487845,43534876,68022721,14718786400,195217
parsec_dedup,0,5,19.9143,50.235,1512625,186721461,35859,0,0,0,0,0,0,0
parsec_dedup,250000,5,70.1498,14.277,6070467,136252904,129840,6818,6833,15480077,40147893,55627970,12037097164,182899
parsec_dedup,500000,5,72.8879,13.742,6053051,185833825,121840,7065,7102,18411374,36595158,55006532,12474447518,178938
parsec_dedup,1000000,5,65.2989,15.343,2868607,175787674,61936,5894,5919,17158268,53529630,70687898,8667970133,115552
dbench_16,0,1,236.1280,18.164,162411,4885284515,90644,0,0,0,0,0,0,0
dbench_16,250000,1,255.8690,18.125,209296,3788113396,101879,34211,34226,50939508,357977334,408916842,2199615976,293370
dbench_16,500000,1,265.1870,18.127,238693,3781167940,108725,57575,57593,85163006,525370470,610533476,2610047045,339684
dbench_16,1000000,1,260.2630,18.129,213709,4071223412,103246,41323,41338,62004069,382468354,444472423,1947718805,314773
dbench_16,2000000,1,249.2500,18.158,212565,3405095591,96974,47594,47619,68470728,368547775,437018503,2527152414,334672
dbench_16,4000000,1,253.8980,18.121,219388,3728619902,97140,50252,50265,90672931,461605653,552278584,2644677288,347854
dbench_16,8000000,1,263.2430,18.164,224348,3529772610,100679,50821,50832,74882504,429482662,504365166,2519676532,353050
dbench_16,16000000,1,251.5260,18.134,223828,3414218353,100207,54490,54501,83342775,503285074,586627849,3326774612,331382
dbench_16,250000,2,249.5500,18.123,206865,3724979072,101830,32888,32897,58356961,350852229,409209190,2241391777,283816
dbench_16,500000,2,257.2850,18.141,210810,3996283362,99504,35684,35695,52868836,335272435,388141271,2429948694,303816
dbench_16,1000000,2,262.6750,18.121,212927,3841260462,100077,38312,38345,56503931,341855213,398359144,2372715081,315227
dbench_16,2000000,2,250.8620,18.137,218427,4034715506,100143,43719,43725,65976222,430626207,496602429,2806225163,305395
dbench_16,4000000,2,261.5140,18.128,226279,3994361428,101217,47613,47622,69106905,454670713,523777618,2768427928,321820
dbench_16,8000000,2,257.5050,18.153,234934,3858227522,106119,56020,56039,82547202,527424566,609971768,2832425010,332374
dbench_16,16000000,2,265.6360,18.125,248196,3665693633,107426,64448,64459,91032248,601111579,692143827,2562655395,347691
dbench_16,0,2,248.2200,18.171,178489,4112797097,100445,0,0,0,0,0,0,0
dbench_16,500000,3,247.0420,18.122,207045,3538713828,95734,44340,44351,68870042,366385287,435255329,2571424767,324127
dbench_16,1000000,3,254.0700,18.153,215527,3700483603,98633,48237,48253,67992791,377953544,445946335,2514247411,338282
dbench_16,2000000,3,260.2310,18.128,221994,3987892746,97844,49163,49176,77971736,420625877,498597613,2305292844,347739
dbench_16,4000000,3,256.9710,18.143,227323,3891471493,103316,52423,52433,93269707,494230844,587500551,2752291761,358187
dbench_16,8000000,3,258.4220,18.122,224679,3689748026,102320,51384,51395,78111532,424405290,502516822,2601311268,352560
dbench_16,16000000,3,258.7450,18.157,225543,3670852114,100709,52001,52015,83704830,436924343,520629173,2686667165,350336
dbench_16,0,3,234.6030,18.142,164102,5827348618,94479,0,0,0,0,0,0,0
dbench_16,250000,3,251.2340,18.144,214428,3884626515,102221,37470,37477,59102304,377491118,436593422,2598945378,288249
dbench_16,1000000,4,252.6030,18.127,226329,3653849237,102507,51579,51586,79855520,502888337,582743857,4004218933,318769
dbench_16,2000000,4,260.2470,18.128,226287,3614802884,101243,50468,50481,73982267,463099644,537081911,3030622185,332813
dbench_16,4000000,4,253.1510,18.124,223194,3535162470,103137,48242,48261,73429970,444241270,517671240,3166616003,325806
dbench_16,8000000,4,256.4150,18.127,214495,3604378969,100325,45117,45124,67263946,376821993,444085939,2414990337,333412
dbench_16,16000000,4,263.2340,18.125,224090,3580840332,102422,49500,49514,71073825,402638983,473712808,2442362712,348145
dbench_16,0,4,233.6440,18.177,161938,5146489286,87066,0,0,0,0,0,0,0
dbench_16,250000,4,254.6980,18.144,211549,3673513966,98973,36628,36636,54094796,322540409,376635205,1782411901,305285
dbench_16,500000,4,262.7680,18.131,222373,3631424552,106052,43051,43061,61940877,360042151,421983028,2070620208,329163
dbench_16,2000000,5,259.1350,18.122,247600,3617706386,107506,63606,63614,88263046,566176176,654439222,3391410837,341287
dbench_16,4000000,5,262.6770,18.134,247990,3640369933,104605,63246,63271,89079300,575650806,664730106,3249698133,342971
dbench_16,8000000,5,259.3010,18.156,255627,3657384702,104399,70333,70349,104855925,679928814,784784739,3550043001,338546
dbench_16,16000000,5,258.6310,18.123,248393,3611129088,105214,64662,64678,102452150,609523645,711975795,3225881021,343002
dbench_16,0,5,252.6570,18.154,174084,4466440033,106936,0,0,0,0,0,0,0
dbench_16,250000,5,255.3790,18.124,225367,3738020436,109589,40112,40122,61337334,407075416,468412750,2561583209,292085
dbench_16,500000,5,254.2470,18.133,216532,3946503687,105935,38752,38760,67824806,411552839,479377645,2798850838,298059
dbench_16,1000000,5,251.1070,18.145,217079,3871176523,102826,40056,40063,59932601,370222018,430154619,2540411921,316993
sysbench_mutex,0,1,156.8209,6.418,3506,171886358,100095,0,0,0,0,0,0,0
sysbench_mutex,250000,1,211.7657,4.783,1353,38843779,83703,2780,2790,3582365,17950952,21533317,4399702260,166285
sysbench_mutex,500000,1,210.8148,4.778,1294,24444538,80254,2701,2709,3500247,13552801,17053048,4390067724,164622
sysbench_mutex,1000000,1,206.9151,4.860,1260,21944724,74601,2665,2674,3525466,14253130,17778596,4271180705,155357
sysbench_mutex,2000000,1,205.8545,4.892,1238,55521424,70128,2498,2512,3284424,15379464,18663888,3779989279,150813
sysbench_mutex,4000000,1,206.1813,4.883,1193,17981940,69604,2766,2775,7844494,11462051,19306545,4517532974,152202
sysbench_mutex,8000000,1,204.4864,4.918,1376,21168843,81462,3014,3027,5808856,16683809,22492665,4917803638,166894
sysbench_mutex,16000000,1,208.4636,4.843,1128,18534157,67531,2418,2425,4018756,22113075,26131831,3846948585,148137
sysbench_mutex,250000,2,212.5579,4.758,1175,29360827,77552,2703,2711,3432288,8144926,11577214,4017200024,156100
sysbench_mutex,500000,2,207.4215,4.850,1320,23357687,78425,2740,2752,8697619,17433534,26131153,4201250182,161800
sysbench_mutex,1000000,2,206.4197,4.873,1332,30768700,79892,2721,2728,8720570,13600690,22321260,4440561993,163397
sysbench_mutex,2000000,2,206.2876,4.887,1396,28275007,75116,2802,2811,3669287,14543359,18212646,4446707992,157300
sysbench_mutex,4000000,2,207.4474,4.860,1202,18132834,68658,2588,2595,14486436,11193032,25679468,4330353603,149110
sysbench_mutex,8000000,2,206.6244,4.867,1210,20874793,72913,2857,2874,5201414,16108990,21310404,4894352321,155332
sysbench_mutex,16000000,2,203.8902,4.938,1374,23941964,83108,2801,2811,4909605,20438540,25348145,4469149024,168375
sysbench_mutex,0,2,166.0936,6.072,2977,166084498,92702,0,0,0,0,0,0,0
sysbench_mutex,500000,3,210.8548,4.786,1353,35962044,78530,2717,2729,4976516,11182081,16158597,4077350937,160715
sysbench_mutex,1000000,3,207.9132,4.836,1335,16872831,70594,2873,2889,5836777,18457127,24293904,4825429834,151453
sysbench_mutex,2000000,3,208.5071,4.823,1299,19385007,75155,2716,2729,7917612,18987763,26905375,4561835615,156387
sysbench_mutex,4000000,3,212.0846,4.757,1056,16422633,70732,2401,2412,3451899,13020535,16472434,3835794042,151513
sysbench_mutex,8000000,3,207.2410,4.854,1254,18500565,74690,2716,2725,13183886,20719639,33903525,4635859720,157571
sysbench_mutex,16000000,3,207.7706,4.842,1239,19627386,67082,2632,2640,8824791,17268406,26093197,4062691552,146166
sysbench_mutex,0,3,160.4287,6.288,4002,266828972,103007,0,0,0,0,0,0,0
sysbench_mutex,250000,3,214.0045,4.712,1297,44476429,85006,2583,2585,8714678,26781994,35496672,3738868520,165243
sysbench_mutex,1000000,4,205.4190,4.897,1352,32569413,77350,2826,2832,6447978,21758807,28206785,4563062049,160175
sysbench_mutex,2000000,4,213.5155,4.722,1085,21369962,73322,2485,2501,4616147,24632896,29249043,3747208189,156108
sysbench_mutex,4000000,4,202.8439,4.967,1126,19808919,77443,2753,2760,9961962,23961209,33923171,4548939431,159442
sysbench_mutex,8000000,4,206.8252,4.863,1889,25902406,76234,3643,3654,10661590,43219527,53881117,4998690814,158779
sysbench_mutex,16000000,4,206.8466,4.863,2604,35764418,76534,5202,5210,10158102,58633209,68791311,5537560680,161123
sysbench_mutex,0,4,165.3384,6.137,2934,107036071,97691,0,0,0,0,0,0,0
sysbench_mutex,250000,4,207.3183,4.906,1606,51538637,80466,3144,3145,8068212,35891750,43959962,4210592891,152169
sysbench_mutex,500000,4,208.6942,4.811,2055,42634996,76791,3948,3956,7405310,33985947,41391257,4577927715,151140
sysbench_mutex,2000000,5,204.6664,4.924,2227,27033216,80532,4575,4604,12082502,42263619,54346121,5422614335,159839
sysbench_mutex,4000000,5,207.4086,4.850,1904,85181372,84070,3787,3797,6801458,25799582,32601040,4668458550,167581
sysbench_mutex,8000000,5,212.3909,4.746,1565,23233490,86279,3181,3195,3900894,13818590,17719484,5007668737,169291
sysbench_mutex,16000000,5,213.6478,4.722,1210,30078787,75456,2786,2799,5577159,7835605,13412764,4765158796,156474
sysbench_mutex,0,5,181.3894,5.615,4246,173433058,128953,0,0,0,0,0,0,0
sysbench_mutex,250000,5,209.8680,4.816,1254,17729604,74241,3024,3036,3766646,9150317,12916963,4961202248,153177
sysbench_mutex,500000,5,209.3408,4.826,1406,19206279,76772,3021,3027,3730336,11923897,15654233,5018405949,156327
sysbench_mutex,1000000,5,206.4324,4.871,1271,17947004,69681,2711,2721,3420107,11127081,14547188,4630011953,146625
parsec_vips,0,1,46.6372,21.480,1230360,146446471,31905,0,0,0,0,0,0,0
parsec_vips,250000,1,78.0177,12.835,734232,86387356,46575,3520,3555,14063307,17658327,31721634,6405185053,72666
parsec_vips,500000,1,72.6839,13.776,911302,168720126,32345,4150,4167,11233255,22553674,33786929,7900085515,63897
parsec_vips,1000000,1,79.5064,12.607,708291,161922366,47306,3836,3891,10691454,36875354,47566808,6784334535,77299
parsec_vips,2000000,1,77.8883,12.857,785858,67213597,22546,3798,3827,12295148,26795575,39090723,6883776486,61365
parsec_vips,4000000,1,75.5361,13.256,779130,116709436,29596,3824,3838,13212802,23298764,36511566,7343095310,61263
parsec_vips,8000000,1,81.6013,12.273,692125,117178603,25587,3524,3541,10294724,29491576,39786300,6471847723,59979
parsec_vips,16000000,1,74.4264,13.457,698012,108196506,33129,4000,4012,19053553,25370176,44423729,6957945384,57516
parsec_vips,250000,2,55.2657,18.114,1067228,87752184,36489,1420,1434,17854196,23392133,41246329,3468064399,61296
parsec_vips,500000,2,58.1341,17.236,1038906,114741009,38761,3785,3827,17066096,26365309,43431405,8379528674,60741
parsec_vips,1000000,2,69.6345,14.378,712795,132427304,43973,3387,3412,14912018,35524045,50436063,7311205157,57397
parsec_vips,2000000,2,70.5686,14.194,788030,136919582,39554,3779,3795,15201028,39872939,55073967,7867605357,59538
parsec_vips,4000000,2,74.2352,13.490,811472,116330334,31991,3808,3828,11779454,24226107,36005561,7343566738,64689
parsec_vips,8000000,2,71.5369,13.998,799799,130810655,37806,3908,3932,12040660,25983475,38024135,7103144405,64812
parsec_vips,16000000,2,82.1537,12.190,701827,81137340,37123,3673,3688,11322834,29568642,40891476,6515999754,63416
parsec_vips,0,2,63.2439,15.832,832689,303612934,51851,0,0,0,0,0,0,0
parsec_vips,500000,3,82.0546,12.208,734349,123800809,35668,3752,3782,11056530,22880802,33937332,6163282529,60785
parsec_vips,1000000,3,72.1907,13.874,807613,119504141,34831,4514,4547,16814510,26342766,43157276,8347299767,59412
parsec_vips,2000000,3,74.2959,13.477,800688,108046805,34315,4364,4391,10025271,22697078,32722349,7666679894,61108
parsec_vips,4000000,3,80.2968,12.471,674797,110547282,34358,3736,3748,13892884,20576347,34469231,6744209845,58626
parsec_vips,8000000,3,76.8882,13.027,815108,52612925,34252,4369,4395,12326263,29715213,42041476,7629241395,60742
parsec_vips,16000000,3,75.9959,13.191,913141,64220629,39059,4198,4215,11112107,24522770,35634877,7469872008,65920
parsec_vips,0,3,53.0186,18.880,1137692,217985677,52753,0,0,0,0,0,0,0
parsec_vips,250000,3,75.1761,13.324,656953,60421069,34912,2996,3021,12318262,16787883,29106145,5933517717,57515
parsec_vips,1000000,4,74.2225,13.491,667395,85503625,28103,3130,3153,9627500,14751908,24379408,6556173761,58956
parsec_vips,2000000,4,68.0374,14.716,778592,70458561,36018,3817,3840,9157005,21398129,30555134,8513807420,59641
parsec_vips,4000000,4,74.6464,13.421,695429,112325779,30079,3616,3639,14329747,20416210,34745957,7637630198,57570
parsec_vips,8000000,4,70.5457,14.193,788338,160117523,34212,4023,4035,13402814,23143834,36546648,7972979562,62968
parsec_vips,16000000,4,73.9836,13.542,674395,141006498,35964,3756,3782,18703178,43638561,62341739,7139889341,61108
parsec_vips,0,4,64.2851,15.578,683837,235933608,44584,0,0,0,0,0,0,0
parsec_vips,250000,4,61.9694,16.166,822712,272210558,42147,2382,2401,28721657,69104603,97826260,4686671898,60501
parsec_vips,500000,4,50.3114,19.896,1301703,81671134,36178,4212,4223,16134820,22724052,38858872,8336068930,65460
parsec_vips,2000000,5,67.2789,14.881,804354,146392280,40702,4011,4037,17011828,24870653,41882481,7987894439,62480
parsec_vips,4000000,5,75.5921,13.246,690860,108861894,38316,3385,3399,20782114,23642212,44424326,6792197151,60888
parsec_vips,8000000,5,67.9634,14.741,785852,73500161,33569,4059,4083,13941423,27510431,41451854,8412800530,61611
parsec_vips,16000000,5,63.9353,15.663,1066949,127006243,33548,4698,4718,16078236,27355196,43433432,9883869330,66833
parsec_vips,0,5,54.9762,18.208,834155,447358117,42771,0,0,0,0,0,0,0
parsec_vips,250000,5,71.1501,14.072,657029,281275626,46157,1719,1741,9233823,19719456,28953279,3006605741,59289
parsec_vips,500000,5,70.4995,14.205,702691,136955507,34286,2937,2961,12597771,21022060,33619831,5976868988,57157
parsec_vips,1000000,5,69.4387,14.419,788423,120167785,33803,3402,3416,10486547,25796596,36283143,6944595298,60829
