workload,phase,block,pos,mode,value,ts
hackbench_pipe_thr,screen,1,1,pv,27.778,1789467468
hackbench_pipe_thr,screen,1,2,ivh,6.613,1789467475
hackbench_pipe_thr,screen,1,3,ivh,5.049,1789467480
hackbench_pipe_thr,screen,1,4,pv,20.341,1789467500
hackbench_pipe_thr,screen,2,1,ivh,4.709,1789467558
hackbench_pipe_thr,screen,2,2,pv,24.991,1789467583
hackbench_pipe_thr,screen,2,3,pv,24.206,1789467607
hackbench_pipe_thr,screen,2,4,ivh,5.610,1789467613
hackbench_pipe_thr,screen,3,1,pv,23.325,1789467683
hackbench_pipe_thr,screen,3,2,ivh,6.532,1789467689
hackbench_pipe_thr,screen,3,3,ivh,5.145,1789467695
hackbench_pipe_thr,screen,3,4,pv,23.395,1789467718
hackbench_sock_thr,screen,1,1,pv,19.950,1789467801
hackbench_sock_thr,screen,1,2,ivh,5.796,1789467807
hackbench_sock_thr,screen,1,3,ivh,5.219,1789467812
hackbench_sock_thr,screen,1,4,pv,19.614,1789467832
hackbench_sock_thr,screen,2,1,ivh,4.617,1789467889
hackbench_sock_thr,screen,2,2,pv,20.345,1789467910
hackbench_sock_thr,screen,2,3,pv,20.679,1789467931
hackbench_sock_thr,screen,2,4,ivh,5.745,1789467936
hackbench_sock_thr,screen,3,1,pv,22.073,1789468005
hackbench_sock_thr,screen,3,2,ivh,5.797,1789468011
hackbench_sock_thr,screen,3,3,ivh,4.996,1789468016
hackbench_sock_thr,screen,3,4,pv,21.174,1789468038
hackbench_pipe_proc,screen,1,1,pv,7.011,1789468097
hackbench_pipe_proc,screen,1,2,ivh,2.703,1789468100
hackbench_pipe_proc,screen,1,3,ivh,2.641,1789468103
hackbench_pipe_proc,screen,1,4,pv,7.070,1789468110
hackbench_pipe_proc,screen,2,1,ivh,2.647,1789468160
hackbench_pipe_proc,screen,2,2,pv,6.754,1789468167
hackbench_pipe_proc,screen,2,3,pv,7.002,1789468174
hackbench_pipe_proc,screen,2,4,ivh,2.704,1789468177
hackbench_pipe_proc,screen,3,1,pv,6.470,1789468235
hackbench_pipe_proc,screen,3,2,ivh,2.719,1789468238
hackbench_pipe_proc,screen,3,3,ivh,2.741,1789468241
hackbench_pipe_proc,screen,3,4,pv,7.070,1789468248
perf_sched_messaging,screen,1,1,pv,5.705,1789468301
perf_sched_messaging,screen,1,2,ivh,5.215,1789468307
perf_sched_messaging,screen,1,3,ivh,5.392,1789468312
perf_sched_messaging,screen,1,4,pv,5.399,1789468318
perf_sched_messaging,screen,2,1,ivh,5.258,1789468371
perf_sched_messaging,screen,2,2,pv,5.527,1789468377
perf_sched_messaging,screen,2,3,pv,5.626,1789468383
perf_sched_messaging,screen,2,4,ivh,5.406,1789468389
perf_sched_messaging,screen,3,1,pv,5.687,1789468452
perf_sched_messaging,screen,3,2,ivh,5.490,1789468458
perf_sched_messaging,screen,3,3,ivh,5.628,1789468464
perf_sched_messaging,screen,3,4,pv,5.814,1789468470
perf_sched_pipe,screen,1,1,pv,19090,1789468538
perf_sched_pipe,screen,1,2,ivh,51497,1789468544
perf_sched_pipe,screen,1,3,ivh,54379,1789468550
perf_sched_pipe,screen,1,4,pv,19057,1789468566
perf_sched_pipe,screen,2,1,ivh,43362,1789468620
perf_sched_pipe,screen,2,2,pv,19289,1789468636
perf_sched_pipe,screen,2,3,pv,18412,1789468652
perf_sched_pipe,screen,2,4,ivh,50918,1789468658
perf_sched_pipe,screen,3,1,pv,19649,1789468720
perf_sched_pipe,screen,3,2,ivh,45218,1789468727
perf_sched_pipe,screen,3,3,ivh,47172,1789468733
perf_sched_pipe,screen,3,4,pv,18776,1789468749
perf_futex_hash,screen,1,1,pv,999141,1789468811
perf_futex_hash,screen,1,2,ivh,958813,1789468827
perf_futex_hash,screen,1,3,ivh,943845,1789468842
perf_futex_hash,screen,1,4,pv,1003391,1789468857
perf_futex_hash,screen,2,1,ivh,917034,1789468919
perf_futex_hash,screen,2,2,pv,969215,1789468934
perf_futex_hash,screen,2,3,pv,997170,1789468949
perf_futex_hash,screen,2,4,ivh,910907,1789468965
perf_futex_hash,screen,3,1,pv,1016626,1789469027
perf_futex_hash,screen,3,2,ivh,943581,1789469042
perf_futex_hash,screen,3,3,ivh,951159,1789469057
perf_futex_hash,screen,3,4,pv,1049697,1789469072
perf_futex_wake,screen,1,1,pv,0.1110,1789469120
perf_futex_wake,screen,1,2,ivh,0.2320,1789469121
perf_futex_wake,screen,1,3,ivh,0.1120,1789469123
perf_futex_wake,screen,1,4,pv,0.1220,1789469124
perf_futex_wake,screen,2,1,ivh,0.1410,1789469172
perf_futex_wake,screen,2,2,pv,0.2250,1789469173
perf_futex_wake,screen,2,3,pv,0.2280,1789469175
perf_futex_wake,screen,2,4,ivh,0.1120,1789469176
perf_futex_wake,screen,3,1,pv,0.1290,1789469224
perf_futex_wake,screen,3,2,ivh,0.1240,1789469225
perf_futex_wake,screen,3,3,ivh,0.1090,1789469226
perf_futex_wake,screen,3,4,pv,0.2500,1789469227
perf_futex_wake_par,screen,1,1,pv,0.0034,1789469277
perf_futex_wake_par,screen,1,2,ivh,1.3209,1789469279
perf_futex_wake_par,screen,1,3,ivh,1.1490,1789469282
perf_futex_wake_par,screen,1,4,pv,0.0047,1789469284
perf_futex_wake_par,screen,2,1,ivh,0.0215,1789469334
perf_futex_wake_par,screen,2,2,pv,0.0055,1789469336
perf_futex_wake_par,screen,2,3,pv,0.0046,1789469338
perf_futex_wake_par,screen,2,4,ivh,0.6750,1789469341
perf_futex_wake_par,screen,3,1,pv,0.0040,1789469390
perf_futex_wake_par,screen,3,2,ivh,0.5399,1789469392
perf_futex_wake_par,screen,3,3,ivh,0.3474,1789469395
perf_futex_wake_par,screen,3,4,pv,0.0047,1789469397
perf_futex_requeue,screen,1,1,pv,0.0070,1789469446
perf_futex_requeue,screen,1,2,ivh,0.0080,1789469447
perf_futex_requeue,screen,1,3,ivh,0.0080,1789469448
perf_futex_requeue,screen,1,4,pv,0.0080,1789469449
perf_futex_requeue,screen,2,1,ivh,0.0070,1789469498
perf_futex_requeue,screen,2,2,pv,0.0070,1789469499
perf_futex_requeue,screen,2,3,pv,0.0080,1789469500
perf_futex_requeue,screen,2,4,ivh,0.0070,1789469501
perf_futex_requeue,screen,3,1,pv,0.0060,1789469549
perf_futex_requeue,screen,3,2,ivh,0.0080,1789469551
perf_futex_requeue,screen,3,3,ivh,0.0080,1789469552
perf_futex_requeue,screen,3,4,pv,0.0060,1789469553
perf_futex_lockpi,screen,1,1,pv,338,1789469615
perf_futex_lockpi,screen,1,2,ivh,340,1789469631
perf_futex_lockpi,screen,1,3,ivh,338,1789469646
perf_futex_lockpi,screen,1,4,pv,337,1789469661
perf_futex_lockpi,screen,2,1,ivh,339,1789469723
perf_futex_lockpi,screen,2,2,pv,341,1789469738
perf_futex_lockpi,screen,2,3,pv,342,1789469754
perf_futex_lockpi,screen,2,4,ivh,336,1789469769
perf_futex_lockpi,screen,3,1,pv,332,1789469831
perf_futex_lockpi,screen,3,2,ivh,337,1789469846
perf_futex_lockpi,screen,3,3,ivh,338,1789469861
perf_futex_lockpi,screen,3,4,pv,336,1789469876
perf_epoll_wait,screen,1,1,pv,23881,1789469939
perf_epoll_wait,screen,1,2,ivh,38809,1789469955
perf_epoll_wait,screen,1,3,ivh,38936,1789469971
perf_epoll_wait,screen,1,4,pv,24597,1789469987
perf_epoll_wait,screen,2,1,ivh,38617,1789470051
perf_epoll_wait,screen,2,2,pv,25000,1789470067
perf_epoll_wait,screen,2,3,pv,24757,1789470083
perf_epoll_wait,screen,2,4,ivh,37980,1789470099
perf_epoll_wait,screen,3,1,pv,26261,1789470162
perf_epoll_wait,screen,3,2,ivh,38393,1789470178
perf_epoll_wait,screen,3,3,ivh,39245,1789470194
perf_epoll_wait,screen,3,4,pv,23908,1789470210
perf_epoll_ctl,screen,1,1,pv,307464,1789470273
perf_epoll_ctl,screen,1,2,ivh,317736,1789470288
perf_epoll_ctl,screen,1,3,ivh,309960,1789470303
perf_epoll_ctl,screen,1,4,pv,302916,1789470318
perf_epoll_ctl,screen,2,1,ivh,308432,1789470381
perf_epoll_ctl,screen,2,2,pv,294760,1789470396
perf_epoll_ctl,screen,2,3,pv,298044,1789470411
perf_epoll_ctl,screen,2,4,ivh,310292,1789470426
perf_epoll_ctl,screen,3,1,pv,304352,1789470488
perf_epoll_ctl,screen,3,2,ivh,320724,1789470503
perf_epoll_ctl,screen,3,3,ivh,328320,1789470518
perf_epoll_ctl,screen,3,4,pv,307008,1789470534
perf_syscall_basic,screen,1,1,pv,9788107,1789470584
perf_syscall_basic,screen,1,2,ivh,10326570,1789470587
perf_syscall_basic,screen,1,3,ivh,9967807,1789470590
perf_syscall_basic,screen,1,4,pv,10117081,1789470593
perf_syscall_basic,screen,2,1,ivh,10431477,1789470643
perf_syscall_basic,screen,2,2,pv,9365906,1789470647
perf_syscall_basic,screen,2,3,pv,9371608,1789470650
perf_syscall_basic,screen,2,4,ivh,10500694,1789470653
perf_syscall_basic,screen,3,1,pv,9310825,1789470703
perf_syscall_basic,screen,3,2,ivh,10618563,1789470706
perf_syscall_basic,screen,3,3,ivh,10788499,1789470709
perf_syscall_basic,screen,3,4,pv,9662062,1789470712
sysbench_threads,screen,1,1,pv,68588,1789470774
sysbench_threads,screen,1,2,ivh,47664,1789470790
sysbench_threads,screen,1,3,ivh,49162,1789470805
sysbench_threads,screen,1,4,pv,68687,1789470820
sysbench_threads,screen,2,1,ivh,47752,1789470898
sysbench_threads,screen,2,2,pv,68184,1789470913
sysbench_threads,screen,2,3,pv,68301,1789470928
sysbench_threads,screen,2,4,ivh,48048,1789470943
sysbench_threads,screen,3,1,pv,68425,1789471010
sysbench_threads,screen,3,2,ivh,47385,1789471025
sysbench_threads,screen,3,3,ivh,46593,1789471041
sysbench_threads,screen,3,4,pv,68610,1789471056
sysbench_mutex,screen,1,1,pv,0.4163,1789471109
sysbench_mutex,screen,1,2,ivh,0.3256,1789471109
sysbench_mutex,screen,1,3,ivh,0.3182,1789471110
sysbench_mutex,screen,1,4,pv,0.4419,1789471110
sysbench_mutex,screen,2,1,ivh,0.2982,1789471157
sysbench_mutex,screen,2,2,pv,0.4321,1789471158
sysbench_mutex,screen,2,3,pv,0.4134,1789471158
sysbench_mutex,screen,2,4,ivh,0.3122,1789471159
sysbench_mutex,screen,3,1,pv,0.4008,1789471206
sysbench_mutex,screen,3,2,ivh,0.2868,1789471207
sysbench_mutex,screen,3,3,ivh,0.3134,1789471207
sysbench_mutex,screen,3,4,pv,0.4111,1789471207
dbench_16,screen,1,1,pv,240.71,1789471273
dbench_16,screen,1,2,ivh,279.801,1789471291
dbench_16,screen,1,3,ivh,280.819,1789471309
dbench_16,screen,1,4,pv,233.286,1789471327
dbench_16,screen,2,1,ivh,284.477,1789471393
dbench_16,screen,2,2,pv,234.221,1789471411
dbench_16,screen,2,3,pv,235.745,1789471429
dbench_16,screen,2,4,ivh,288.031,1789471447
dbench_16,screen,3,1,pv,240.386,1789471512
dbench_16,screen,3,2,ivh,276.256,1789471530
dbench_16,screen,3,3,ivh,282.875,1789471549
dbench_16,screen,3,4,pv,233.664,1789471567
ebizzy_mmap,screen,1,1,pv,979,1789471629
ebizzy_mmap,screen,1,2,ivh,2001,1789471645
ebizzy_mmap,screen,1,3,ivh,1995,1789471660
ebizzy_mmap,screen,1,4,pv,982,1789471675
ebizzy_mmap,screen,2,1,ivh,1989,1789471737
ebizzy_mmap,screen,2,2,pv,977,1789471753
ebizzy_mmap,screen,2,3,pv,977,1789471768
ebizzy_mmap,screen,2,4,ivh,1995,1789471783
ebizzy_mmap,screen,3,1,pv,982,1789471845
ebizzy_mmap,screen,3,2,ivh,2015,1789471860
ebizzy_mmap,screen,3,3,ivh,2008,1789471875
ebizzy_mmap,screen,3,4,pv,990,1789471891
ebizzy_malloc,screen,1,1,pv,29569,1789471953
ebizzy_malloc,screen,1,2,ivh,29380,1789471968
ebizzy_malloc,screen,1,3,ivh,29343,1789471984
ebizzy_malloc,screen,1,4,pv,29641,1789471999
ebizzy_malloc,screen,2,1,ivh,29317,1789472061
ebizzy_malloc,screen,2,2,pv,29541,1789472076
ebizzy_malloc,screen,2,3,pv,29711,1789472092
ebizzy_malloc,screen,2,4,ivh,29486,1789472107
ebizzy_malloc,screen,3,1,pv,29694,1789472169
ebizzy_malloc,screen,3,2,ivh,29235,1789472184
ebizzy_malloc,screen,3,3,ivh,29597,1789472199
ebizzy_malloc,screen,3,4,pv,29507,1789472215
schbench,screen,1,1,pv,3152.13,1789472303
schbench,screen,1,2,ivh,3552.53,1789472318
schbench,screen,1,3,ivh,3418.73,1789472333
schbench,screen,1,4,pv,3208.07,1789472349
schbench,screen,2,1,ivh,3387.93,1789472421
schbench,screen,2,2,pv,3260.53,1789472437
schbench,screen,2,3,pv,3227.53,1789472452
schbench,screen,2,4,ivh,3437.33,1789472467
schbench,screen,3,1,pv,3185.33,1789472529
schbench,screen,3,2,ivh,3392.27,1789472544
schbench,screen,3,3,ivh,3432.60,1789472560
schbench,screen,3,4,pv,3201.40,1789472575
spinbench_short,screen,1,1,pv,309690,1789472637
spinbench_short,screen,1,2,ivh,301706,1789472652
spinbench_short,screen,1,3,ivh,302197,1789472667
spinbench_short,screen,1,4,pv,309807,1789472682
spinbench_short,screen,2,1,ivh,306685,1789472745
spinbench_short,screen,2,2,pv,306764,1789472760
spinbench_short,screen,2,3,pv,307074,1789472775
spinbench_short,screen,2,4,ivh,304187,1789472790
spinbench_short,screen,3,1,pv,306083,1789472852
spinbench_short,screen,3,2,ivh,310076,1789472867
spinbench_short,screen,3,3,ivh,308767,1789472882
spinbench_short,screen,3,4,pv,312154,1789472897
spinbench_med,screen,1,1,pv,89147,1789472960
spinbench_med,screen,1,2,ivh,90234,1789472975
spinbench_med,screen,1,3,ivh,90555,1789472990
spinbench_med,screen,1,4,pv,90396,1789473005
spinbench_med,screen,2,1,ivh,90439,1789473067
spinbench_med,screen,2,2,pv,85539,1789473082
spinbench_med,screen,2,3,pv,86926,1789473098
spinbench_med,screen,2,4,ivh,90622,1789473113
spinbench_med,screen,3,1,pv,87965,1789473175
spinbench_med,screen,3,2,ivh,89822,1789473190
spinbench_med,screen,3,3,ivh,87886,1789473205
spinbench_med,screen,3,4,pv,87705,1789473220
spinbench_long,screen,1,1,pv,9239,1789473293
spinbench_long,screen,1,2,ivh,9359,1789473308
spinbench_long,screen,1,3,ivh,9100,1789473323
spinbench_long,screen,1,4,pv,9385,1789473338
spinbench_long,screen,2,1,ivh,9371,1789473401
spinbench_long,screen,2,2,pv,9182,1789473416
spinbench_long,screen,2,3,pv,9179,1789473431
spinbench_long,screen,2,4,ivh,9364,1789473447
spinbench_long,screen,3,1,pv,9415,1789473508
spinbench_long,screen,3,2,ivh,9059,1789473524
spinbench_long,screen,3,3,ivh,9290,1789473539
spinbench_long,screen,3,4,pv,9135,1789473554
libslock_tas,screen,1,1,pv,1090024,1789473616
libslock_tas,screen,1,2,ivh,922453,1789473631
libslock_tas,screen,1,3,ivh,1010640,1789473647
libslock_tas,screen,1,4,pv,1140309,1789473662
libslock_tas,screen,2,1,ivh,1201566,1789473729
libslock_tas,screen,2,2,pv,961305,1789473745
libslock_tas,screen,2,3,pv,1105687,1789473760
libslock_tas,screen,2,4,ivh,1161636,1789473775
libslock_tas,screen,3,1,pv,1207307,1789473837
libslock_tas,screen,3,2,ivh,891722,1789473852
libslock_tas,screen,3,3,ivh,1091306,1789473868
libslock_tas,screen,3,4,pv,915365,1789473883
libslock_ttas,screen,1,1,pv,938317,1789473945
libslock_ttas,screen,1,2,ivh,1040392,1789473960
libslock_ttas,screen,1,3,ivh,1202418,1789473976
libslock_ttas,screen,1,4,pv,1061287,1789473991
libslock_ttas,screen,2,1,ivh,923956,1789474053
libslock_ttas,screen,2,2,pv,888548,1789474068
libslock_ttas,screen,2,3,pv,1009990,1789474084
libslock_ttas,screen,2,4,ivh,1185034,1789474099
libslock_ttas,screen,3,1,pv,1082618,1789474166
libslock_ttas,screen,3,2,ivh,962734,1789474181
libslock_ttas,screen,3,3,ivh,971091,1789474196
libslock_ttas,screen,3,4,pv,933292,1789474212
libslock_ticket,screen,1,1,pv,1107342,1789474274
libslock_ticket,screen,1,2,ivh,1034839,1789474289
libslock_ticket,screen,1,3,ivh,1047117,1789474304
libslock_ticket,screen,1,4,pv,1010917,1789474320
libslock_ticket,screen,2,1,ivh,1075514,1789474382
libslock_ticket,screen,2,2,pv,1010166,1789474397
libslock_ticket,screen,2,3,pv,891363,1789474412
libslock_ticket,screen,2,4,ivh,1000549,1789474428
libslock_ticket,screen,3,1,pv,1067655,1789474490
libslock_ticket,screen,3,2,ivh,957984,1789474505
libslock_ticket,screen,3,3,ivh,868128,1789474520
libslock_ticket,screen,3,4,pv,923666,1789474535
libslock_mcs,screen,1,1,pv,1081759,1789474597
libslock_mcs,screen,1,2,ivh,1207639,1789474613
libslock_mcs,screen,1,3,ivh,930845,1789474628
libslock_mcs,screen,1,4,pv,1011813,1789474643
libslock_mcs,screen,2,1,ivh,1118256,1789474711
libslock_mcs,screen,2,2,pv,944253,1789474726
libslock_mcs,screen,2,3,pv,1080823,1789474741
libslock_mcs,screen,2,4,ivh,1142318,1789474756
libslock_mcs,screen,3,1,pv,1036713,1789474818
libslock_mcs,screen,3,2,ivh,901390,1789474833
libslock_mcs,screen,3,3,ivh,1080791,1789474849
libslock_mcs,screen,3,4,pv,1138364,1789474864
phoenix_wordcount,screen,1,1,pv,27.020848292,1789474938
phoenix_wordcount,screen,1,2,ivh,25.709131022,1789474964
phoenix_wordcount,screen,1,3,ivh,25.955810096,1789474990
phoenix_wordcount,screen,1,4,pv,26.992226100,1789475017
phoenix_wordcount,screen,2,1,ivh,25.506467293,1789475090
phoenix_wordcount,screen,2,2,pv,26.113118104,1789475116
phoenix_wordcount,screen,2,3,pv,26.997525751,1789475143
phoenix_wordcount,screen,2,4,ivh,26.006722998,1789475169
phoenix_wordcount,screen,3,1,pv,27.520956132,1789475243
phoenix_wordcount,screen,3,2,ivh,25.666629559,1789475269
phoenix_wordcount,screen,3,3,ivh,26.057749744,1789475295
phoenix_wordcount,screen,3,4,pv,26.742492314,1789475322
phoenix_kmeans,screen,1,1,pv,4.455854057,1789475374
phoenix_kmeans,screen,1,2,ivh,4.808357231,1789475379
phoenix_kmeans,screen,1,3,ivh,4.841904630,1789475384
phoenix_kmeans,screen,1,4,pv,4.564643698,1789475388
phoenix_kmeans,screen,2,1,ivh,4.907863202,1789475440
phoenix_kmeans,screen,2,2,pv,4.433063475,1789475445
phoenix_kmeans,screen,2,3,pv,4.548138711,1789475449
phoenix_kmeans,screen,2,4,ivh,4.851443933,1789475454
phoenix_kmeans,screen,3,1,pv,4.396007829,1789475506
phoenix_kmeans,screen,3,2,ivh,5.120253057,1789475511
phoenix_kmeans,screen,3,3,ivh,4.846607638,1789475516
phoenix_kmeans,screen,3,4,pv,4.533291587,1789475520
fio_tmpfs,screen,1,1,pv,26248151,1789475583
fio_tmpfs,screen,1,2,ivh,26219228,1789475599
fio_tmpfs,screen,1,3,ivh,26186235,1789475614
fio_tmpfs,screen,1,4,pv,26039649,1789475629
fio_tmpfs,screen,2,1,ivh,26082616,1789475692
fio_tmpfs,screen,2,2,pv,25966657,1789475708
fio_tmpfs,screen,2,3,pv,26170267,1789475723
fio_tmpfs,screen,2,4,ivh,26027825,1789475739
fio_tmpfs,screen,3,1,pv,26160006,1789475801
fio_tmpfs,screen,3,2,ivh,26275387,1789475817
fio_tmpfs,screen,3,3,ivh,26378127,1789475832
fio_tmpfs,screen,3,4,pv,26452937,1789475848
fsmark_tmpfs,screen,1,1,pv,121275.1,1789475896
fsmark_tmpfs,screen,1,2,ivh,395939.4,1789475896
fsmark_tmpfs,screen,1,3,ivh,313242.1,1789475896
fsmark_tmpfs,screen,1,4,pv,154154.0,1789475896
fsmark_tmpfs,screen,2,1,ivh,386827.1,1789475944
fsmark_tmpfs,screen,2,2,pv,139752.8,1789475944
fsmark_tmpfs,screen,2,3,pv,142416.8,1789475944
fsmark_tmpfs,screen,2,4,ivh,373325.2,1789475945
fsmark_tmpfs,screen,3,1,pv,181614.8,1789475992
fsmark_tmpfs,screen,3,2,ivh,412737.3,1789475992
fsmark_tmpfs,screen,3,3,ivh,315669.1,1789475992
fsmark_tmpfs,screen,3,4,pv,200011.4,1789475993
netperf_tcp_stream,screen,1,1,pv,357172,1789476055
netperf_tcp_stream,screen,1,2,ivh,287326,1789476070
netperf_tcp_stream,screen,1,3,ivh,287277,1789476085
netperf_tcp_stream,screen,1,4,pv,355146,1789476101
netperf_tcp_stream,screen,2,1,ivh,288174,1789476163
netperf_tcp_stream,screen,2,2,pv,350002,1789476178
netperf_tcp_stream,screen,2,3,pv,354594,1789476193
netperf_tcp_stream,screen,2,4,ivh,287743,1789476208
netperf_tcp_stream,screen,3,1,pv,342254,1789476270
netperf_tcp_stream,screen,3,2,ivh,287195,1789476285
netperf_tcp_stream,screen,3,3,ivh,287099,1789476301
netperf_tcp_stream,screen,3,4,pv,339910,1789476316
netperf_tcp_rr,screen,1,1,pv,1.61159e+06,1789476378
netperf_tcp_rr,screen,1,2,ivh,924629,1789476393
netperf_tcp_rr,screen,1,3,ivh,921628,1789476408
netperf_tcp_rr,screen,1,4,pv,1.69203e+06,1789476423
netperf_tcp_rr,screen,2,1,ivh,921301,1789476486
netperf_tcp_rr,screen,2,2,pv,1.62377e+06,1789476501
netperf_tcp_rr,screen,2,3,pv,1.69571e+06,1789476516
netperf_tcp_rr,screen,2,4,ivh,927644,1789476531
netperf_tcp_rr,screen,3,1,pv,1.66041e+06,1789476593
netperf_tcp_rr,screen,3,2,ivh,925861,1789476609
netperf_tcp_rr,screen,3,3,ivh,920754,1789476624
netperf_tcp_rr,screen,3,4,pv,1.66257e+06,1789476639
iperf3_16,screen,1,1,pv,519.0309922915806,1789476701
iperf3_16,screen,1,2,ivh,346.44428023904953,1789476716
iperf3_16,screen,1,3,ivh,345.25087054969663,1789476731
iperf3_16,screen,1,4,pv,517.4594300158398,1789476747
iperf3_16,screen,2,1,ivh,346.85264097664077,1789476809
iperf3_16,screen,2,2,pv,530.436446754144,1789476824
iperf3_16,screen,2,3,pv,520.0636463414731,1789476839
iperf3_16,screen,2,4,ivh,345.77235928776565,1789476854
iperf3_16,screen,3,1,pv,515.4608807720166,1789476916
iperf3_16,screen,3,2,ivh,344.8694588756194,1789476931
iperf3_16,screen,3,3,ivh,344.3057660911088,1789476947
iperf3_16,screen,3,4,pv,542.8756103529007,1789476962
stressng_flock,screen,1,1,pv,527719.19,1789477024
stressng_flock,screen,1,2,ivh,760564.17,1789477040
stressng_flock,screen,1,3,ivh,761548.56,1789477055
stressng_flock,screen,1,4,pv,527265.75,1789477070
stressng_flock,screen,2,1,ivh,773097.08,1789477132
stressng_flock,screen,2,2,pv,531114.44,1789477148
stressng_flock,screen,2,3,pv,529155.35,1789477163
stressng_flock,screen,2,4,ivh,755215.21,1789477178
stressng_flock,screen,3,1,pv,526721.69,1789477240
stressng_flock,screen,3,2,ivh,754074.49,1789477255
stressng_flock,screen,3,3,ivh,771131.88,1789477271
stressng_flock,screen,3,4,pv,532514.68,1789477286
stressng_futex,screen,1,1,pv,311403.70,1789477348
stressng_futex,screen,1,2,ivh,331387.28,1789477363
stressng_futex,screen,1,3,ivh,340214.00,1789477379
stressng_futex,screen,1,4,pv,309077.34,1789477394
stressng_futex,screen,2,1,ivh,347441.17,1789477456
stressng_futex,screen,2,2,pv,304290.94,1789477471
stressng_futex,screen,2,3,pv,289804.90,1789477487
stressng_futex,screen,2,4,ivh,336273.26,1789477502
stressng_futex,screen,3,1,pv,298964.54,1789477564
stressng_futex,screen,3,2,ivh,336014.76,1789477579
stressng_futex,screen,3,3,ivh,331447.11,1789477594
stressng_futex,screen,3,4,pv,296177.61,1789477610
stressng_mmap,screen,1,1,pv,248.69,1789477677
stressng_mmap,screen,1,2,ivh,314.42,1789477692
stressng_mmap,screen,1,3,ivh,313.07,1789477707
stressng_mmap,screen,1,4,pv,249.58,1789477722
stressng_mmap,screen,2,1,ivh,309.81,1789477785
stressng_mmap,screen,2,2,pv,249.27,1789477800
stressng_mmap,screen,2,3,pv,243.26,1789477816
stressng_mmap,screen,2,4,ivh,316.77,1789477831
stressng_mmap,screen,3,1,pv,246.75,1789477893
stressng_mmap,screen,3,2,ivh,307.14,1789477908
stressng_mmap,screen,3,3,ivh,310.18,1789477923
stressng_mmap,screen,3,4,pv,259.74,1789477939
stressng_pipe,screen,1,1,pv,4426228.72,1789478006
stressng_pipe,screen,1,2,ivh,5028464.75,1789478022
stressng_pipe,screen,1,3,ivh,4968371.55,1789478037
stressng_pipe,screen,1,4,pv,4430235.04,1789478052
stressng_pipe,screen,2,1,ivh,5049390.01,1789478114
stressng_pipe,screen,2,2,pv,4375961.79,1789478130
stressng_pipe,screen,2,3,pv,4351183.08,1789478145
stressng_pipe,screen,2,4,ivh,5019509.57,1789478160
stressng_pipe,screen,3,1,pv,4325918.70,1789478222
stressng_pipe,screen,3,2,ivh,4968996.93,1789478237
stressng_pipe,screen,3,3,ivh,5039009.60,1789478253
stressng_pipe,screen,3,4,pv,4354774.13,1789478268
stressng_sem,screen,1,1,pv,15883407.32,1789478330
stressng_sem,screen,1,2,ivh,11782731.34,1789478345
stressng_sem,screen,1,3,ivh,12068789.95,1789478361
stressng_sem,screen,1,4,pv,14988761.71,1789478376
stressng_sem,screen,2,1,ivh,12163646.89,1789478438
stressng_sem,screen,2,2,pv,14993996.80,1789478454
stressng_sem,screen,2,3,pv,14832601.92,1789478469
stressng_sem,screen,2,4,ivh,12039661.55,1789478484
stressng_sem,screen,3,1,pv,14809529.02,1789478546
stressng_sem,screen,3,2,ivh,11845308.25,1789478561
stressng_sem,screen,3,3,ivh,12285755.74,1789478577
stressng_sem,screen,3,4,pv,14654157.02,1789478592
stressng_fork,screen,1,1,pv,5368.39,1789478660
stressng_fork,screen,1,2,ivh,6519.13,1789478675
stressng_fork,screen,1,3,ivh,6790.55,1789478690
stressng_fork,screen,1,4,pv,6393.61,1789478705
stressng_fork,screen,2,1,ivh,7022.49,1789478768
stressng_fork,screen,2,2,pv,6607.68,1789478783
stressng_fork,screen,2,3,pv,6116.32,1789478798
stressng_fork,screen,2,4,ivh,7019.29,1789478813
stressng_fork,screen,3,1,pv,6514.57,1789478876
stressng_fork,screen,3,2,ivh,7088.18,1789478891
stressng_fork,screen,3,3,ivh,7077.10,1789478906
stressng_fork,screen,3,4,pv,5984.93,1789478921
stressng_dentry,screen,1,1,pv,67094.17,1789478984
stressng_dentry,screen,1,2,ivh,132977.35,1789479001
stressng_dentry,screen,1,3,ivh,132181.53,1789479017
stressng_dentry,screen,1,4,pv,65903.88,1789479033
stressng_dentry,screen,2,1,ivh,134537.18,1789479107
stressng_dentry,screen,2,2,pv,66491.12,1789479123
stressng_dentry,screen,2,3,pv,65176.41,1789479138
stressng_dentry,screen,2,4,ivh,131457.31,1789479155
stressng_dentry,screen,3,1,pv,65921.81,1789479218
stressng_dentry,screen,3,2,ivh,129509.54,1789479234
stressng_dentry,screen,3,3,ivh,133120.76,1789479251
stressng_dentry,screen,3,4,pv,65615.13,1789479266
stressng_sock,screen,1,1,pv,9831.61,1789479329
stressng_sock,screen,1,2,ivh,12027.36,1789479344
stressng_sock,screen,1,3,ivh,11969.62,1789479359
stressng_sock,screen,1,4,pv,10055.74,1789479374
stressng_sock,screen,2,1,ivh,12004.38,1789479437
stressng_sock,screen,2,2,pv,10182.94,1789479452
stressng_sock,screen,2,3,pv,9936.62,1789479467
stressng_sock,screen,2,4,ivh,12039.39,1789479483
stressng_sock,screen,3,1,pv,10441.05,1789479545
stressng_sock,screen,3,2,ivh,12100.06,1789479560
stressng_sock,screen,3,3,ivh,12068.07,1789479575
stressng_sock,screen,3,4,pv,9375.97,1789479592
wis_lock1,screen,1,1,pv,9598472,1789479661
wis_lock1,screen,1,2,ivh,8881223,1789479682
wis_lock1,screen,1,3,ivh,8539138,1789479703
wis_lock1,screen,1,4,pv,9841797,1789479724
wis_lock1,screen,2,1,ivh,8832109,1789479793
wis_lock1,screen,2,2,pv,9733673,1789479814
wis_lock1,screen,2,3,pv,9740713,1789479835
wis_lock1,screen,2,4,ivh,8716816,1789479857
wis_lock1,screen,3,1,pv,9175430,1789479925
wis_lock1,screen,3,2,ivh,8516387,1789479946
wis_lock1,screen,3,3,ivh,8715762,1789479967
wis_lock1,screen,3,4,pv,9153018,1789479989
wis_lock2,screen,1,1,pv,2436893,1789480057
wis_lock2,screen,1,2,ivh,2564683,1789480079
wis_lock2,screen,1,3,ivh,2208186,1789480100
wis_lock2,screen,1,4,pv,2444360,1789480121
wis_lock2,screen,2,1,ivh,2200164,1789480190
wis_lock2,screen,2,2,pv,2356117,1789480211
wis_lock2,screen,2,3,pv,2429024,1789480232
wis_lock2,screen,2,4,ivh,2150662,1789480254
wis_lock2,screen,3,1,pv,2612603,1789480322
wis_lock2,screen,3,2,ivh,2121527,1789480343
wis_lock2,screen,3,3,ivh,2436829,1789480364
wis_lock2,screen,3,4,pv,2655026,1789480385
wis_futex1,screen,1,1,pv,45948530,1789480454
wis_futex1,screen,1,2,ivh,45783268,1789480475
wis_futex1,screen,1,3,ivh,46105993,1789480496
wis_futex1,screen,1,4,pv,46025772,1789480518
wis_futex1,screen,2,1,ivh,46066013,1789480586
wis_futex1,screen,2,2,pv,46017194,1789480607
wis_futex1,screen,2,3,pv,46223246,1789480628
wis_futex1,screen,2,4,ivh,46100571,1789480650
wis_futex1,screen,3,1,pv,45633168,1789480718
wis_futex1,screen,3,2,ivh,46001857,1789480739
wis_futex1,screen,3,3,ivh,46036643,1789480760
wis_futex1,screen,3,4,pv,45960937,1789480781
wis_futex2,screen,1,1,pv,33852840,1789480850
wis_futex2,screen,1,2,ivh,29926541,1789480871
wis_futex2,screen,1,3,ivh,30092261,1789480892
wis_futex2,screen,1,4,pv,33819650,1789480913
wis_futex2,screen,2,1,ivh,30076210,1789480982
wis_futex2,screen,2,2,pv,32700218,1789481003
wis_futex2,screen,2,3,pv,33513445,1789481024
wis_futex2,screen,2,4,ivh,30010427,1789481045
wis_futex2,screen,3,1,pv,33289461,1789481114
wis_futex2,screen,3,2,ivh,30112350,1789481135
wis_futex2,screen,3,3,ivh,30211439,1789481156
wis_futex2,screen,3,4,pv,33793161,1789481177
wis_futex3,screen,1,1,pv,66217268,1789481246
wis_futex3,screen,1,2,ivh,66394390,1789481267
wis_futex3,screen,1,3,ivh,66183473,1789481288
wis_futex3,screen,1,4,pv,66106312,1789481309
wis_futex3,screen,2,1,ivh,66079249,1789481378
wis_futex3,screen,2,2,pv,66044338,1789481399
wis_futex3,screen,2,3,pv,66446811,1789481420
wis_futex3,screen,2,4,ivh,66067241,1789481441
wis_futex3,screen,3,1,pv,66154443,1789481509
wis_futex3,screen,3,2,ivh,66040797,1789481530
wis_futex3,screen,3,3,ivh,66280045,1789481552
wis_futex3,screen,3,4,pv,66440205,1789481573
wis_futex4,screen,1,1,pv,42565113,1789481641
wis_futex4,screen,1,2,ivh,30779832,1789481662
wis_futex4,screen,1,3,ivh,37409104,1789481684
wis_futex4,screen,1,4,pv,41170481,1789481705
wis_futex4,screen,2,1,ivh,32046306,1789481773
wis_futex4,screen,2,2,pv,41311216,1789481794
wis_futex4,screen,2,3,pv,40853867,1789481816
wis_futex4,screen,2,4,ivh,36760553,1789481837
wis_futex4,screen,3,1,pv,36719052,1789481905
wis_futex4,screen,3,2,ivh,37804432,1789481926
wis_futex4,screen,3,3,ivh,34802038,1789481947
wis_futex4,screen,3,4,pv,38182538,1789481969
wis_page_fault1,screen,1,1,pv,1680167,1789482038
wis_page_fault1,screen,1,2,ivh,1659371,1789482059
wis_page_fault1,screen,1,3,ivh,1622260,1789482081
wis_page_fault1,screen,1,4,pv,1643227,1789482103
wis_page_fault1,screen,2,1,ivh,1680358,1789482172
wis_page_fault1,screen,2,2,pv,1677661,1789482193
wis_page_fault1,screen,2,3,pv,1630425,1789482215
wis_page_fault1,screen,2,4,ivh,1571165,1789482237
wis_page_fault1,screen,3,1,pv,1697194,1789482306
wis_page_fault1,screen,3,2,ivh,1659397,1789482327
wis_page_fault1,screen,3,3,ivh,1623403,1789482349
wis_page_fault1,screen,3,4,pv,1640377,1789482371
wis_page_fault2,screen,1,1,pv,1419881,1789482440
wis_page_fault2,screen,1,2,ivh,1347132,1789482462
wis_page_fault2,screen,1,3,ivh,1288051,1789482485
wis_page_fault2,screen,1,4,pv,1296552,1789482507
wis_page_fault2,screen,2,1,ivh,1393930,1789482576
wis_page_fault2,screen,2,2,pv,1342276,1789482598
wis_page_fault2,screen,2,3,pv,1325319,1789482620
wis_page_fault2,screen,2,4,ivh,1271564,1789482642
wis_page_fault2,screen,3,1,pv,1385848,1789482711
wis_page_fault2,screen,3,2,ivh,1325493,1789482733
wis_page_fault2,screen,3,3,ivh,1298134,1789482755
wis_page_fault2,screen,3,4,pv,1292025,1789482777
wis_page_fault3,screen,1,1,pv,2360877,1789482846
wis_page_fault3,screen,1,2,ivh,2310137,1789482869
wis_page_fault3,screen,1,3,ivh,2296181,1789482891
wis_page_fault3,screen,1,4,pv,2362519,1789482912
wis_page_fault3,screen,2,1,ivh,2339936,1789482981
wis_page_fault3,screen,2,2,pv,2423428,1789483003
wis_page_fault3,screen,2,3,pv,2350877,1789483024
wis_page_fault3,screen,2,4,ivh,4642569,1789483046
wis_page_fault3,screen,3,1,pv,2991944,1789483114
wis_page_fault3,screen,3,2,ivh,2358073,1789483136
wis_page_fault3,screen,3,3,ivh,2368004,1789483159
wis_page_fault3,screen,3,4,pv,2406866,1789483180
wis_mmap1,screen,1,1,pv,249342,1789483249
wis_mmap1,screen,1,2,ivh,269854,1789483270
wis_mmap1,screen,1,3,ivh,277906,1789483291
wis_mmap1,screen,1,4,pv,238520,1789483313
wis_mmap1,screen,2,1,ivh,276402,1789483381
wis_mmap1,screen,2,2,pv,254870,1789483402
wis_mmap1,screen,2,3,pv,252348,1789483423
wis_mmap1,screen,2,4,ivh,286050,1789483445
wis_mmap1,screen,3,1,pv,254251,1789483513
wis_mmap1,screen,3,2,ivh,265479,1789483534
wis_mmap1,screen,3,3,ivh,271970,1789483555
wis_mmap1,screen,3,4,pv,250812,1789483576
wis_mmap2,screen,1,1,pv,353444,1789483645
wis_mmap2,screen,1,2,ivh,362815,1789483666
wis_mmap2,screen,1,3,ivh,353995,1789483687
wis_mmap2,screen,1,4,pv,333309,1789483708
wis_mmap2,screen,2,1,ivh,358203,1789483787
wis_mmap2,screen,2,2,pv,300127,1789483808
wis_mmap2,screen,2,3,pv,317185,1789483830
wis_mmap2,screen,2,4,ivh,359986,1789483851
wis_mmap2,screen,3,1,pv,349264,1789483919
wis_mmap2,screen,3,2,ivh,359031,1789483940
wis_mmap2,screen,3,3,ivh,393228,1789483961
wis_mmap2,screen,3,4,pv,332114,1789483982
wis_brk1,screen,1,1,pv,574513,1789484056
wis_brk1,screen,1,2,ivh,651285,1789484077
wis_brk1,screen,1,3,ivh,298267,1789484098
wis_brk1,screen,1,4,pv,594427,1789484120
wis_brk1,screen,2,1,ivh,667979,1789484188
wis_brk1,screen,2,2,pv,249607,1789484209
wis_brk1,screen,2,3,pv,624699,1789484230
wis_brk1,screen,2,4,ivh,656983,1789484252
wis_brk1,screen,3,1,pv,612024,1789484320
wis_brk1,screen,3,2,ivh,654770,1789484341
wis_brk1,screen,3,3,ivh,660087,1789484362
wis_brk1,screen,3,4,pv,306240,1789484383
wis_tlb_flush1,screen,1,1,pv,15833,1789484452
wis_tlb_flush1,screen,1,2,ivh,14759,1789484474
wis_tlb_flush1,screen,1,3,ivh,16516,1789484495
wis_tlb_flush1,screen,1,4,pv,28095,1789484516
wis_tlb_flush1,screen,2,1,ivh,22485,1789484585
wis_tlb_flush1,screen,2,2,pv,31796,1789484607
wis_tlb_flush1,screen,2,3,pv,20788,1789484628
wis_tlb_flush1,screen,2,4,ivh,19104,1789484650
wis_tlb_flush1,screen,3,1,pv,27244,1789484718
wis_tlb_flush1,screen,3,2,ivh,13029,1789484740
wis_tlb_flush1,screen,3,3,ivh,27192,1789484761
wis_tlb_flush1,screen,3,4,pv,33426,1789484783
wis_tlb_flush2,screen,1,1,pv,26690,1789484851
wis_tlb_flush2,screen,1,2,ivh,22023,1789484872
wis_tlb_flush2,screen,1,3,ivh,37521,1789484894
wis_tlb_flush2,screen,1,4,pv,26070,1789484915
wis_tlb_flush2,screen,2,1,ivh,34910,1789484984
wis_tlb_flush2,screen,2,2,pv,23276,1789485005
wis_tlb_flush2,screen,2,3,pv,22551,1789485026
wis_tlb_flush2,screen,2,4,ivh,19857,1789485048
wis_tlb_flush2,screen,3,1,pv,28697,1789485116
wis_tlb_flush2,screen,3,2,ivh,21839,1789485137
wis_tlb_flush2,screen,3,3,ivh,20167,1789485159
wis_tlb_flush2,screen,3,4,pv,20478,1789485180
wis_open1,screen,1,1,pv,1522564,1789485249
wis_open1,screen,1,2,ivh,1416270,1789485270
wis_open1,screen,1,3,ivh,1421175,1789485291
wis_open1,screen,1,4,pv,1534957,1789485312
wis_open1,screen,2,1,ivh,1549858,1789485381
wis_open1,screen,2,2,pv,1627705,1789485402
wis_open1,screen,2,3,pv,1565683,1789485423
wis_open1,screen,2,4,ivh,1532032,1789485444
wis_open1,screen,3,1,pv,1652885,1789485512
wis_open1,screen,3,2,ivh,1481441,1789485534
wis_open1,screen,3,3,ivh,1414623,1789485555
wis_open1,screen,3,4,pv,1519552,1789485576
wis_open2,screen,1,1,pv,1443840,1789485645
wis_open2,screen,1,2,ivh,1369130,1789485666
wis_open2,screen,1,3,ivh,1433395,1789485687
wis_open2,screen,1,4,pv,1507224,1789485708
wis_open2,screen,2,1,ivh,1413700,1789485777
wis_open2,screen,2,2,pv,1443869,1789485798
wis_open2,screen,2,3,pv,1454702,1789485819
wis_open2,screen,2,4,ivh,1437366,1789485841
wis_open2,screen,3,1,pv,1499888,1789485909
wis_open2,screen,3,2,ivh,1410880,1789485930
wis_open2,screen,3,3,ivh,1478011,1789485951
wis_open2,screen,3,4,pv,1414045,1789485973
wis_unlink1,screen,1,1,pv,152792,1789486041
wis_unlink1,screen,1,2,ivh,141492,1789486062
wis_unlink1,screen,1,3,ivh,143708,1789486084
wis_unlink1,screen,1,4,pv,153198,1789486105
wis_unlink1,screen,2,1,ivh,143591,1789486173
wis_unlink1,screen,2,2,pv,157515,1789486194
wis_unlink1,screen,2,3,pv,157843,1789486216
wis_unlink1,screen,2,4,ivh,141095,1789486237
wis_unlink1,screen,3,1,pv,157496,1789486305
wis_unlink1,screen,3,2,ivh,145034,1789486326
wis_unlink1,screen,3,3,ivh,142585,1789486347
wis_unlink1,screen,3,4,pv,153958,1789486369
wis_unlink2,screen,1,1,pv,686717,1789486437
wis_unlink2,screen,1,2,ivh,628020,1789486458
wis_unlink2,screen,1,3,ivh,620238,1789486480
wis_unlink2,screen,1,4,pv,675189,1789486501
wis_unlink2,screen,2,1,ivh,619629,1789486569
wis_unlink2,screen,2,2,pv,669882,1789486591
wis_unlink2,screen,2,3,pv,672586,1789486612
wis_unlink2,screen,2,4,ivh,626980,1789486633
wis_unlink2,screen,3,1,pv,687740,1789486701
wis_unlink2,screen,3,2,ivh,613884,1789486723
wis_unlink2,screen,3,3,ivh,634911,1789486744
wis_unlink2,screen,3,4,pv,661319,1789486765
wis_dup1,screen,1,1,pv,2126773,1789486834
wis_dup1,screen,1,2,ivh,1850956,1789486855
wis_dup1,screen,1,3,ivh,1857883,1789486876
wis_dup1,screen,1,4,pv,2094675,1789486898
wis_dup1,screen,2,1,ivh,1855269,1789486966
wis_dup1,screen,2,2,pv,2203137,1789486988
wis_dup1,screen,2,3,pv,2120441,1789487009
wis_dup1,screen,2,4,ivh,1883400,1789487030
wis_dup1,screen,3,1,pv,2045548,1789487098
wis_dup1,screen,3,2,ivh,1899005,1789487120
wis_dup1,screen,3,3,ivh,2147787,1789487141
wis_dup1,screen,3,4,pv,2514328,1789487162
wis_pipe1,screen,1,1,pv,20886784,1789487262
wis_pipe1,screen,1,2,ivh,19528527,1789487283
wis_pipe1,screen,1,3,ivh,19620877,1789487304
wis_pipe1,screen,1,4,pv,20853977,1789487325
wis_pipe1,screen,2,1,ivh,19662391,1789487399
wis_pipe1,screen,2,2,pv,20895889,1789487420
wis_pipe1,screen,2,3,pv,20772321,1789487441
wis_pipe1,screen,2,4,ivh,19545826,1789487463
wis_pipe1,screen,3,1,pv,20734478,1789487531
wis_pipe1,screen,3,2,ivh,19690441,1789487552
wis_pipe1,screen,3,3,ivh,19582025,1789487573
wis_pipe1,screen,3,4,pv,20840781,1789487594
wis_unix1,screen,1,1,pv,10480455,1789487663
wis_unix1,screen,1,2,ivh,9269073,1789487684
wis_unix1,screen,1,3,ivh,9422072,1789487705
wis_unix1,screen,1,4,pv,10381856,1789487726
wis_unix1,screen,2,1,ivh,9564848,1789487795
wis_unix1,screen,2,2,pv,10411780,1789487816
wis_unix1,screen,2,3,pv,10374536,1789487837
wis_unix1,screen,2,4,ivh,9571594,1789487858
wis_unix1,screen,3,1,pv,10414281,1789487926
wis_unix1,screen,3,2,ivh,9281012,1789487948
wis_unix1,screen,3,3,ivh,9570973,1789487969
wis_unix1,screen,3,4,pv,10304619,1789487990
wis_poll1,screen,1,1,pv,42648310,1789488058
wis_poll1,screen,1,2,ivh,42591662,1789488080
wis_poll1,screen,1,3,ivh,42614035,1789488101
wis_poll1,screen,1,4,pv,42494972,1789488122
wis_poll1,screen,2,1,ivh,42664924,1789488190
wis_poll1,screen,2,2,pv,42579145,1789488212
wis_poll1,screen,2,3,pv,42809604,1789488233
wis_poll1,screen,2,4,ivh,42797022,1789488254
wis_poll1,screen,3,1,pv,42431073,1789488322
wis_poll1,screen,3,2,ivh,42651539,1789488343
wis_poll1,screen,3,3,ivh,42661524,1789488364
wis_poll1,screen,3,4,pv,42584673,1789488386
wis_eventfd1,screen,1,1,pv,23296258,1789488454
wis_eventfd1,screen,1,2,ivh,20672135,1789488475
wis_eventfd1,screen,1,3,ivh,20738704,1789488497
wis_eventfd1,screen,1,4,pv,23479243,1789488518
wis_eventfd1,screen,2,1,ivh,20701083,1789488586
wis_eventfd1,screen,2,2,pv,23361937,1789488607
wis_eventfd1,screen,2,3,pv,23329259,1789488629
wis_eventfd1,screen,2,4,ivh,20705921,1789488650
wis_eventfd1,screen,3,1,pv,23357528,1789488718
wis_eventfd1,screen,3,2,ivh,20755710,1789488739
wis_eventfd1,screen,3,3,ivh,20686732,1789488760
wis_eventfd1,screen,3,4,pv,23278732,1789488781
wis_signal1,screen,1,1,pv,592260,1789488850
wis_signal1,screen,1,2,ivh,615467,1789488871
wis_signal1,screen,1,3,ivh,602731,1789488893
wis_signal1,screen,1,4,pv,625462,1789488914
wis_signal1,screen,2,1,ivh,589582,1789488998
wis_signal1,screen,2,2,pv,612700,1789489020
wis_signal1,screen,2,3,pv,600390,1789489041
wis_signal1,screen,2,4,ivh,574223,1789489063
wis_signal1,screen,3,1,pv,614003,1789489141
wis_signal1,screen,3,2,ivh,597811,1789489163
wis_signal1,screen,3,3,ivh,580211,1789489184
wis_signal1,screen,3,4,pv,579978,1789489205
wis_context_switch1,screen,1,1,pv,8088673,1789489284
wis_context_switch1,screen,1,2,ivh,7903370,1789489305
wis_context_switch1,screen,1,3,ivh,7917518,1789489326
wis_context_switch1,screen,1,4,pv,8075447,1789489348
wis_context_switch1,screen,2,1,ivh,7955634,1789489416
wis_context_switch1,screen,2,2,pv,8131917,1789489437
wis_context_switch1,screen,2,3,pv,8090395,1789489459
wis_context_switch1,screen,2,4,ivh,7941569,1789489480
wis_context_switch1,screen,3,1,pv,8115776,1789489548
wis_context_switch1,screen,3,2,ivh,7939541,1789489569
wis_context_switch1,screen,3,3,ivh,7932457,1789489590
wis_context_switch1,screen,3,4,pv,8060630,1789489611
wis_sched_yield,screen,1,1,pv,33746188,1789489680
wis_sched_yield,screen,1,2,ivh,33622879,1789489701
wis_sched_yield,screen,1,3,ivh,33834846,1789489722
wis_sched_yield,screen,1,4,pv,34066867,1789489743
wis_sched_yield,screen,2,1,ivh,33704538,1789489812
wis_sched_yield,screen,2,2,pv,33906325,1789489833
wis_sched_yield,screen,2,3,pv,34151042,1789489854
wis_sched_yield,screen,2,4,ivh,33709565,1789489875
wis_sched_yield,screen,3,1,pv,33919066,1789489949
wis_sched_yield,screen,3,2,ivh,34005802,1789489970
wis_sched_yield,screen,3,3,ivh,33539762,1789489991
wis_sched_yield,screen,3,4,pv,33584022,1789490012
wis_posix_semaphore1,screen,1,1,pv,413596246,1789490081
wis_posix_semaphore1,screen,1,2,ivh,414357622,1789490102
wis_posix_semaphore1,screen,1,3,ivh,412114780,1789490123
wis_posix_semaphore1,screen,1,4,pv,412942619,1789490144
wis_posix_semaphore1,screen,2,1,ivh,414160913,1789490213
wis_posix_semaphore1,screen,2,2,pv,413054634,1789490234
wis_posix_semaphore1,screen,2,3,pv,415966889,1789490255
wis_posix_semaphore1,screen,2,4,ivh,414424736,1789490276
wis_posix_semaphore1,screen,3,1,pv,414813659,1789490344
wis_posix_semaphore1,screen,3,2,ivh,414215567,1789490366
wis_posix_semaphore1,screen,3,3,ivh,415543582,1789490387
wis_posix_semaphore1,screen,3,4,pv,413682589,1789490408
wis_fallocate1,screen,1,1,pv,1649976,1789490476
wis_fallocate1,screen,1,2,ivh,1560199,1789490498
wis_fallocate1,screen,1,3,ivh,1560577,1789490519
wis_fallocate1,screen,1,4,pv,1640606,1789490540
wis_fallocate1,screen,2,1,ivh,1538768,1789490620
wis_fallocate1,screen,2,2,pv,1619278,1789490641
wis_fallocate1,screen,2,3,pv,1707977,1789490663
wis_fallocate1,screen,2,4,ivh,1576503,1789490684
wis_fallocate1,screen,3,1,pv,1611058,1789490768
wis_fallocate1,screen,3,2,ivh,1530858,1789490789
wis_fallocate1,screen,3,3,ivh,1511548,1789490810
wis_fallocate1,screen,3,4,pv,1619918,1789490831
wis_lseek1,screen,1,1,pv,67102269,1789490910
wis_lseek1,screen,1,2,ivh,66324414,1789490931
wis_lseek1,screen,1,3,ivh,66112099,1789490953
wis_lseek1,screen,1,4,pv,66237939,1789490974
wis_lseek1,screen,2,1,ivh,66356820,1789491042
wis_lseek1,screen,2,2,pv,66349079,1789491064
wis_lseek1,screen,2,3,pv,66900353,1789491085
wis_lseek1,screen,2,4,ivh,66415433,1789491106
wis_lseek1,screen,3,1,pv,66250769,1789491174
wis_lseek1,screen,3,2,ivh,66074729,1789491195
wis_lseek1,screen,3,3,ivh,66210053,1789491216
wis_lseek1,screen,3,4,pv,68113360,1789491238
wis_pread1,screen,1,1,pv,31074860,1789491316
wis_pread1,screen,1,2,ivh,31681897,1789491338
wis_pread1,screen,1,3,ivh,30774112,1789491359
wis_pread1,screen,1,4,pv,30944921,1789491380
wis_pread1,screen,2,1,ivh,31267769,1789491448
wis_pread1,screen,2,2,pv,30951576,1789491470
wis_pread1,screen,2,3,pv,30776102,1789491491
wis_pread1,screen,2,4,ivh,30796795,1789491512
wis_pread1,screen,3,1,pv,30794522,1789491580
wis_pread1,screen,3,2,ivh,30902542,1789491601
wis_pread1,screen,3,3,ivh,30805606,1789491622
wis_pread1,screen,3,4,pv,31031056,1789491644
wis_pwrite1,screen,1,1,pv,29169454,1789491712
wis_pwrite1,screen,1,2,ivh,28441743,1789491733
wis_pwrite1,screen,1,3,ivh,28381686,1789491754
wis_pwrite1,screen,1,4,pv,28493100,1789491776
wis_pwrite1,screen,2,1,ivh,28627856,1789491844
wis_pwrite1,screen,2,2,pv,28825774,1789491865
wis_pwrite1,screen,2,3,pv,29289972,1789491887
wis_pwrite1,screen,2,4,ivh,28660489,1789491908
wis_pwrite1,screen,3,1,pv,28476604,1789491976
wis_pwrite1,screen,3,2,ivh,28202586,1789491997
wis_pwrite1,screen,3,3,ivh,28489234,1789492018
wis_pwrite1,screen,3,4,pv,28378656,1789492039
wis_read1,screen,1,1,pv,25755366,1789492108
wis_read1,screen,1,2,ivh,24408051,1789492129
wis_read1,screen,1,3,ivh,24565937,1789492150
wis_read1,screen,1,4,pv,24399833,1789492171
wis_read1,screen,2,1,ivh,25090776,1789492240
wis_read1,screen,2,2,pv,24615982,1789492261
wis_read1,screen,2,3,pv,24376091,1789492282
wis_read1,screen,2,4,ivh,24502393,1789492303
wis_read1,screen,3,1,pv,25516505,1789492392
wis_read1,screen,3,2,ivh,24422474,1789492414
wis_read1,screen,3,3,ivh,24424661,1789492435
wis_read1,screen,3,4,pv,24603404,1789492456
wis_write1,screen,1,1,pv,22830976,1789492524
wis_write1,screen,1,2,ivh,22918951,1789492546
wis_write1,screen,1,3,ivh,22753617,1789492567
wis_write1,screen,1,4,pv,22805988,1789492588
wis_write1,screen,2,1,ivh,22853970,1789492662
wis_write1,screen,2,2,pv,22706862,1789492683
wis_write1,screen,2,3,pv,22851997,1789492704
wis_write1,screen,2,4,ivh,22676025,1789492725
wis_write1,screen,3,1,pv,22789826,1789492793
wis_write1,screen,3,2,ivh,22870785,1789492814
wis_write1,screen,3,3,ivh,22593715,1789492836
wis_write1,screen,3,4,pv,22549022,1789492857
wis_getppid1,screen,1,1,pv,85140259,1789492925
wis_getppid1,screen,1,2,ivh,84339833,1789492947
wis_getppid1,screen,1,3,ivh,84157598,1789492968
wis_getppid1,screen,1,4,pv,84261942,1789492989
wis_getppid1,screen,2,1,ivh,84393122,1789493057
wis_getppid1,screen,2,2,pv,84045088,1789493079
wis_getppid1,screen,2,3,pv,84263809,1789493100
wis_getppid1,screen,2,4,ivh,84120575,1789493121
wis_getppid1,screen,3,1,pv,84672769,1789493189
wis_getppid1,screen,3,2,ivh,86020735,1789493210
wis_getppid1,screen,3,3,ivh,85760132,1789493231
wis_getppid1,screen,3,4,pv,84432259,1789493253
fsmark_tmpfs,confirm,4,1,ivh,409726.7,1789493300
fsmark_tmpfs,confirm,4,2,pv,123415.1,1789493300
fsmark_tmpfs,confirm,4,3,pv,173040.1,1789493301
fsmark_tmpfs,confirm,4,4,ivh,419425.7,1789493301
fsmark_tmpfs,confirm,5,1,pv,133642.2,1789493348
fsmark_tmpfs,confirm,5,2,ivh,392707.0,1789493348
fsmark_tmpfs,confirm,5,3,ivh,499748.2,1789493348
fsmark_tmpfs,confirm,5,4,pv,161175.5,1789493349
fsmark_tmpfs,confirm,6,1,ivh,473726.3,1789493396
fsmark_tmpfs,confirm,6,2,pv,121070.7,1789493396
fsmark_tmpfs,confirm,6,3,pv,145468.9,1789493397
fsmark_tmpfs,confirm,6,4,ivh,417975.7,1789493397
fsmark_tmpfs,confirm,7,1,pv,163046.1,1789493444
fsmark_tmpfs,confirm,7,2,ivh,387626.7,1789493444
fsmark_tmpfs,confirm,7,3,ivh,412454.3,1789493444
fsmark_tmpfs,confirm,7,4,pv,156035.1,1789493445
fsmark_tmpfs,confirm,8,1,ivh,411138.9,1789493492
fsmark_tmpfs,confirm,8,2,pv,157374.7,1789493492
fsmark_tmpfs,confirm,8,3,pv,143732.2,1789493493
fsmark_tmpfs,confirm,8,4,ivh,385519.4,1789493493
perf_sched_pipe,confirm,4,1,ivh,42749,1789493547
perf_sched_pipe,confirm,4,2,pv,18236,1789493563
perf_sched_pipe,confirm,4,3,pv,17472,1789493580
perf_sched_pipe,confirm,4,4,ivh,51185,1789493586
perf_sched_pipe,confirm,5,1,pv,18785,1789493649
perf_sched_pipe,confirm,5,2,ivh,44957,1789493656
perf_sched_pipe,confirm,5,3,ivh,43762,1789493663
perf_sched_pipe,confirm,5,4,pv,18388,1789493679
perf_sched_pipe,confirm,6,1,ivh,43865,1789493733
perf_sched_pipe,confirm,6,2,pv,19530,1789493749
perf_sched_pipe,confirm,6,3,pv,19520,1789493764
perf_sched_pipe,confirm,6,4,ivh,51346,1789493770
perf_sched_pipe,confirm,7,1,pv,19235,1789493833
perf_sched_pipe,confirm,7,2,ivh,44856,1789493839
perf_sched_pipe,confirm,7,3,ivh,45726,1789493846
perf_sched_pipe,confirm,7,4,pv,18945,1789493862
perf_sched_pipe,confirm,8,1,ivh,63070,1789493929
perf_sched_pipe,confirm,8,2,pv,18715,1789493945
perf_sched_pipe,confirm,8,3,pv,19194,1789493961
perf_sched_pipe,confirm,8,4,ivh,47672,1789493967
ebizzy_mmap,confirm,4,1,ivh,2028,1789494030
ebizzy_mmap,confirm,4,2,pv,962,1789494045
ebizzy_mmap,confirm,4,3,pv,974,1789494060
ebizzy_mmap,confirm,4,4,ivh,2013,1789494075
ebizzy_mmap,confirm,5,1,pv,1029,1789494137
ebizzy_mmap,confirm,5,2,ivh,2048,1789494152
ebizzy_mmap,confirm,5,3,ivh,2029,1789494167
ebizzy_mmap,confirm,5,4,pv,1014,1789494182
ebizzy_mmap,confirm,6,1,ivh,1993,1789494245
ebizzy_mmap,confirm,6,2,pv,894,1789494260
ebizzy_mmap,confirm,6,3,pv,906,1789494275
ebizzy_mmap,confirm,6,4,ivh,1978,1789494290
ebizzy_mmap,confirm,7,1,pv,969,1789494352
ebizzy_mmap,confirm,7,2,ivh,2026,1789494367
ebizzy_mmap,confirm,7,3,ivh,1998,1789494383
ebizzy_mmap,confirm,7,4,pv,981,1789494398
ebizzy_mmap,confirm,8,1,ivh,2009,1789494460
ebizzy_mmap,confirm,8,2,pv,1008,1789494475
ebizzy_mmap,confirm,8,3,pv,965,1789494490
ebizzy_mmap,confirm,8,4,ivh,2027,1789494506
stressng_dentry,confirm,4,1,ivh,134516.93,1789494569
stressng_dentry,confirm,4,2,pv,64121.75,1789494585
stressng_dentry,confirm,4,3,pv,64873.95,1789494601
stressng_dentry,confirm,4,4,ivh,131523.86,1789494617
stressng_dentry,confirm,5,1,pv,65028.38,1789494695
stressng_dentry,confirm,5,2,ivh,132494.13,1789494712
stressng_dentry,confirm,5,3,ivh,131888.19,1789494728
stressng_dentry,confirm,5,4,pv,70172.05,1789494744
stressng_dentry,confirm,6,1,ivh,132121.06,1789494839
stressng_dentry,confirm,6,2,pv,64136.04,1789494855
stressng_dentry,confirm,6,3,pv,66178.12,1789494871
stressng_dentry,confirm,6,4,ivh,129326.50,1789494887
stressng_dentry,confirm,7,1,pv,67221.74,1789494950
stressng_dentry,confirm,7,2,ivh,132602.34,1789494966
stressng_dentry,confirm,7,3,ivh,132335.33,1789494982
stressng_dentry,confirm,7,4,pv,67010.69,1789494998
stressng_dentry,confirm,8,1,ivh,134021.54,1789495072
stressng_dentry,confirm,8,2,pv,67198.33,1789495088
stressng_dentry,confirm,8,3,pv,67152.62,1789495104
stressng_dentry,confirm,8,4,ivh,131347.69,1789495120
hackbench_pipe_thr,confirm,4,1,ivh,4.912,1789495172
hackbench_pipe_thr,confirm,4,2,pv,23.191,1789495195
hackbench_pipe_thr,confirm,4,3,pv,24.683,1789495220
hackbench_pipe_thr,confirm,4,4,ivh,5.007,1789495225
hackbench_pipe_thr,confirm,5,1,pv,25.019,1789495303
hackbench_pipe_thr,confirm,5,2,ivh,5.714,1789495308
hackbench_pipe_thr,confirm,5,3,ivh,5.551,1789495314
hackbench_pipe_thr,confirm,5,4,pv,23.718,1789495338
hackbench_pipe_thr,confirm,6,1,ivh,4.714,1789495390
hackbench_pipe_thr,confirm,6,2,pv,22.675,1789495413
hackbench_pipe_thr,confirm,6,3,pv,24.879,1789495438
hackbench_pipe_thr,confirm,6,4,ivh,5.875,1789495444
hackbench_pipe_thr,confirm,7,1,pv,23.077,1789495514
hackbench_pipe_thr,confirm,7,2,ivh,7.011,1789495521
hackbench_pipe_thr,confirm,7,3,ivh,6.424,1789495527
hackbench_pipe_thr,confirm,7,4,pv,24.818,1789495552
hackbench_pipe_thr,confirm,8,1,ivh,4.680,1789495609
hackbench_pipe_thr,confirm,8,2,pv,22.840,1789495632
hackbench_pipe_thr,confirm,8,3,pv,23.909,1789495656
hackbench_pipe_thr,confirm,8,4,ivh,7.800,1789495664
hackbench_sock_thr,confirm,4,1,ivh,4.623,1789495716
hackbench_sock_thr,confirm,4,2,pv,22.035,1789495738
hackbench_sock_thr,confirm,4,3,pv,20.991,1789495759
hackbench_sock_thr,confirm,4,4,ivh,6.047,1789495765
hackbench_sock_thr,confirm,5,1,pv,20.962,1789495833
hackbench_sock_thr,confirm,5,2,ivh,4.668,1789495838
hackbench_sock_thr,confirm,5,3,ivh,4.780,1789495843
hackbench_sock_thr,confirm,5,4,pv,19.959,1789495863
hackbench_sock_thr,confirm,6,1,ivh,4.404,1789495915
hackbench_sock_thr,confirm,6,2,pv,22.216,1789495937
hackbench_sock_thr,confirm,6,3,pv,20.310,1789495957
hackbench_sock_thr,confirm,6,4,ivh,5.950,1789495964
hackbench_sock_thr,confirm,7,1,pv,21.753,1789496032
hackbench_sock_thr,confirm,7,2,ivh,4.731,1789496037
hackbench_sock_thr,confirm,7,3,ivh,4.518,1789496042
hackbench_sock_thr,confirm,7,4,pv,20.323,1789496062
hackbench_sock_thr,confirm,8,1,ivh,4.636,1789496114
hackbench_sock_thr,confirm,8,2,pv,20.664,1789496135
hackbench_sock_thr,confirm,8,3,pv,22.231,1789496157
hackbench_sock_thr,confirm,8,4,ivh,4.894,1789496162
hackbench_pipe_proc,confirm,4,1,ivh,2.847,1789496212
hackbench_pipe_proc,confirm,4,2,pv,6.759,1789496219
hackbench_pipe_proc,confirm,4,3,pv,7.421,1789496226
hackbench_pipe_proc,confirm,4,4,ivh,2.725,1789496229
hackbench_pipe_proc,confirm,5,1,pv,7.078,1789496283
hackbench_pipe_proc,confirm,5,2,ivh,2.641,1789496286
hackbench_pipe_proc,confirm,5,3,ivh,2.669,1789496289
hackbench_pipe_proc,confirm,5,4,pv,7.485,1789496296
hackbench_pipe_proc,confirm,6,1,ivh,2.629,1789496346
hackbench_pipe_proc,confirm,6,2,pv,7.218,1789496354
hackbench_pipe_proc,confirm,6,3,pv,7.390,1789496361
hackbench_pipe_proc,confirm,6,4,ivh,2.693,1789496364
hackbench_pipe_proc,confirm,7,1,pv,6.937,1789496428
hackbench_pipe_proc,confirm,7,2,ivh,2.702,1789496431
hackbench_pipe_proc,confirm,7,3,ivh,2.670,1789496434
hackbench_pipe_proc,confirm,7,4,pv,7.006,1789496441
hackbench_pipe_proc,confirm,8,1,ivh,2.635,1789496491
hackbench_pipe_proc,confirm,8,2,pv,6.662,1789496498
hackbench_pipe_proc,confirm,8,3,pv,7.457,1789496506
hackbench_pipe_proc,confirm,8,4,ivh,2.704,1789496508
perf_epoll_wait,confirm,4,1,ivh,37821,1789496571
perf_epoll_wait,confirm,4,2,pv,24557,1789496587
perf_epoll_wait,confirm,4,3,pv,24591,1789496604
perf_epoll_wait,confirm,4,4,ivh,37757,1789496620
perf_epoll_wait,confirm,5,1,pv,24189,1789496688
perf_epoll_wait,confirm,5,2,ivh,38863,1789496704
perf_epoll_wait,confirm,5,3,ivh,37172,1789496720
perf_epoll_wait,confirm,5,4,pv,26128,1789496736
perf_epoll_wait,confirm,6,1,ivh,37997,1789496800
perf_epoll_wait,confirm,6,2,pv,26475,1789496816
perf_epoll_wait,confirm,6,3,pv,25624,1789496832
perf_epoll_wait,confirm,6,4,ivh,38968,1789496848
perf_epoll_wait,confirm,7,1,pv,24869,1789496911
perf_epoll_wait,confirm,7,2,ivh,36164,1789496927
perf_epoll_wait,confirm,7,3,ivh,35604,1789496943
perf_epoll_wait,confirm,7,4,pv,25084,1789496959
perf_epoll_wait,confirm,8,1,ivh,38167,1789497033
perf_epoll_wait,confirm,8,2,pv,23828,1789497049
perf_epoll_wait,confirm,8,3,pv,23942,1789497066
perf_epoll_wait,confirm,8,4,ivh,39577,1789497082
stressng_flock,confirm,4,1,ivh,815459.35,1789497144
stressng_flock,confirm,4,2,pv,641773.61,1789497159
stressng_flock,confirm,4,3,pv,522528.63,1789497174
stressng_flock,confirm,4,4,ivh,772316.07,1789497189
stressng_flock,confirm,5,1,pv,536186.72,1789497251
stressng_flock,confirm,5,2,ivh,768629.26,1789497267
stressng_flock,confirm,5,3,ivh,752374.32,1789497282
stressng_flock,confirm,5,4,pv,520478.90,1789497297
stressng_flock,confirm,6,1,ivh,724783.33,1789497359
stressng_flock,confirm,6,2,pv,500270.62,1789497375
stressng_flock,confirm,6,3,pv,498084.79,1789497390
stressng_flock,confirm,6,4,ivh,737004.89,1789497405
stressng_flock,confirm,7,1,pv,524930.42,1789497467
stressng_flock,confirm,7,2,ivh,770181.01,1789497482
stressng_flock,confirm,7,3,ivh,765632.59,1789497497
stressng_flock,confirm,7,4,pv,529738.88,1789497513
stressng_flock,confirm,8,1,ivh,749104.47,1789497575
stressng_flock,confirm,8,2,pv,514529.97,1789497590
stressng_flock,confirm,8,3,pv,522098.16,1789497606
stressng_flock,confirm,8,4,ivh,748599.94,1789497621
sysbench_mutex,confirm,4,1,ivh,0.3219,1789497668
sysbench_mutex,confirm,4,2,pv,0.4117,1789497668
sysbench_mutex,confirm,4,3,pv,0.3911,1789497669
sysbench_mutex,confirm,4,4,ivh,0.3102,1789497669
sysbench_mutex,confirm,5,1,pv,0.4285,1789497717
sysbench_mutex,confirm,5,2,ivh,0.3092,1789497717
sysbench_mutex,confirm,5,3,ivh,0.3306,1789497717
sysbench_mutex,confirm,5,4,pv,0.4095,1789497718
sysbench_mutex,confirm,6,1,ivh,0.2966,1789497765
sysbench_mutex,confirm,6,2,pv,0.4434,1789497766
sysbench_mutex,confirm,6,3,pv,0.4006,1789497766
sysbench_mutex,confirm,6,4,ivh,0.3252,1789497767
sysbench_mutex,confirm,7,1,pv,0.3943,1789497814
sysbench_mutex,confirm,7,2,ivh,0.3224,1789497814
sysbench_mutex,confirm,7,3,ivh,0.3262,1789497815
sysbench_mutex,confirm,7,4,pv,0.4006,1789497815
sysbench_mutex,confirm,8,1,ivh,0.3002,1789497863
sysbench_mutex,confirm,8,2,pv,0.4273,1789497863
sysbench_mutex,confirm,8,3,pv,0.3938,1789497864
sysbench_mutex,confirm,8,4,ivh,0.3246,1789497864
stressng_mmap,confirm,4,1,ivh,310.59,1789497926
stressng_mmap,confirm,4,2,pv,243.27,1789497941
stressng_mmap,confirm,4,3,pv,246.67,1789497957
stressng_mmap,confirm,4,4,ivh,312.89,1789497972
stressng_mmap,confirm,5,1,pv,254.73,1789498034
stressng_mmap,confirm,5,2,ivh,314.00,1789498049
stressng_mmap,confirm,5,3,ivh,309.37,1789498064
stressng_mmap,confirm,5,4,pv,259.13,1789498080
stressng_mmap,confirm,6,1,ivh,310.79,1789498153
stressng_mmap,confirm,6,2,pv,248.56,1789498168
stressng_mmap,confirm,6,3,pv,256.43,1789498183
stressng_mmap,confirm,6,4,ivh,303.74,1789498198
stressng_mmap,confirm,7,1,pv,248.53,1789498261
stressng_mmap,confirm,7,2,ivh,308.80,1789498276
stressng_mmap,confirm,7,3,ivh,311.36,1789498291
stressng_mmap,confirm,7,4,pv,249.18,1789498306
stressng_mmap,confirm,8,1,ivh,312.02,1789498379
stressng_mmap,confirm,8,2,pv,253.23,1789498394
stressng_mmap,confirm,8,3,pv,251.59,1789498410
stressng_mmap,confirm,8,4,ivh,304.39,1789498425
stressng_sock,confirm,4,1,ivh,11983.32,1789498487
stressng_sock,confirm,4,2,pv,9734.38,1789498502
stressng_sock,confirm,4,3,pv,10311.40,1789498517
stressng_sock,confirm,4,4,ivh,12065.86,1789498533
stressng_sock,confirm,5,1,pv,10195.34,1789498595
stressng_sock,confirm,5,2,ivh,11978.47,1789498610
stressng_sock,confirm,5,3,ivh,12081.05,1789498625
stressng_sock,confirm,5,4,pv,9966.74,1789498640
stressng_sock,confirm,6,1,ivh,11974.22,1789498703
stressng_sock,confirm,6,2,pv,9614.29,1789498718
stressng_sock,confirm,6,3,pv,9153.95,1789498733
stressng_sock,confirm,6,4,ivh,11950.10,1789498749
stressng_sock,confirm,7,1,pv,10497.51,1789498811
stressng_sock,confirm,7,2,ivh,12024.10,1789498826
stressng_sock,confirm,7,3,ivh,12088.58,1789498841
stressng_sock,confirm,7,4,pv,10418.29,1789498856
stressng_sock,confirm,8,1,ivh,12050.17,1789498919
stressng_sock,confirm,8,2,pv,10250.42,1789498934
stressng_sock,confirm,8,3,pv,10509.18,1789498949
stressng_sock,confirm,8,4,ivh,12021.51,1789498965
dbench_16,confirm,4,1,ivh,280.553,1789499030
dbench_16,confirm,4,2,pv,238.894,1789499048
dbench_16,confirm,4,3,pv,231.593,1789499066
dbench_16,confirm,4,4,ivh,281.224,1789499084
dbench_16,confirm,5,1,pv,233.958,1789499149
dbench_16,confirm,5,2,ivh,275.218,1789499168
dbench_16,confirm,5,3,ivh,277.443,1789499186
dbench_16,confirm,5,4,pv,231.617,1789499204
dbench_16,confirm,6,1,ivh,286.125,1789499269
dbench_16,confirm,6,2,pv,232.947,1789499287
dbench_16,confirm,6,3,pv,235.921,1789499306
dbench_16,confirm,6,4,ivh,284.764,1789499324
dbench_16,confirm,7,1,pv,244.205,1789499389
dbench_16,confirm,7,2,ivh,282.898,1789499407
dbench_16,confirm,7,3,ivh,272.889,1789499425
dbench_16,confirm,7,4,pv,231.928,1789499444
dbench_16,confirm,8,1,ivh,281.928,1789499509
dbench_16,confirm,8,2,pv,232.477,1789499527
dbench_16,confirm,8,3,pv,229.796,1789499545
dbench_16,confirm,8,4,ivh,275.517,1789499563
stressng_pipe,confirm,4,1,ivh,5040259.22,1789499625
stressng_pipe,confirm,4,2,pv,4372060.92,1789499641
stressng_pipe,confirm,4,3,pv,4440282.86,1789499656
stressng_pipe,confirm,4,4,ivh,5160953.98,1789499671
stressng_pipe,confirm,5,1,pv,4291775.93,1789499743
stressng_pipe,confirm,5,2,ivh,5085616.21,1789499759
stressng_pipe,confirm,5,3,ivh,5140327.02,1789499774
stressng_pipe,confirm,5,4,pv,4313374.67,1789499789
stressng_pipe,confirm,6,1,ivh,5025508.64,1789499872
stressng_pipe,confirm,6,2,pv,4321425.45,1789499888
stressng_pipe,confirm,6,3,pv,4344223.39,1789499903
stressng_pipe,confirm,6,4,ivh,5097407.79,1789499918
stressng_pipe,confirm,7,1,pv,4334277.00,1789499980
stressng_pipe,confirm,7,2,ivh,5081089.37,1789499995
stressng_pipe,confirm,7,3,ivh,5091621.26,1789500011
stressng_pipe,confirm,7,4,pv,4269303.75,1789500026
stressng_pipe,confirm,8,1,ivh,4979738.63,1789500093
stressng_pipe,confirm,8,2,pv,4343283.43,1789500109
stressng_pipe,confirm,8,3,pv,4349466.26,1789500124
stressng_pipe,confirm,8,4,ivh,5087323.55,1789500139
stressng_fork,confirm,4,1,ivh,6980.17,1789500201
stressng_fork,confirm,4,2,pv,6128.42,1789500216
stressng_fork,confirm,4,3,pv,6423.67,1789500232
stressng_fork,confirm,4,4,ivh,6798.73,1789500247
stressng_fork,confirm,5,1,pv,7009.25,1789500335
stressng_fork,confirm,5,2,ivh,6908.14,1789500350
stressng_fork,confirm,5,3,ivh,6959.16,1789500365
stressng_fork,confirm,5,4,pv,7413.50,1789500381
stressng_fork,confirm,6,1,ivh,6991.23,1789500443
stressng_fork,confirm,6,2,pv,7534.62,1789500458
stressng_fork,confirm,6,3,pv,7059.78,1789500474
stressng_fork,confirm,6,4,ivh,6978.37,1789500489
stressng_fork,confirm,7,1,pv,6818.93,1789500551
stressng_fork,confirm,7,2,ivh,7055.63,1789500566
stressng_fork,confirm,7,3,ivh,7057.58,1789500581
stressng_fork,confirm,7,4,pv,6662.64,1789500597
stressng_fork,confirm,8,1,ivh,7060.90,1789500659
stressng_fork,confirm,8,2,pv,6377.74,1789500674
stressng_fork,confirm,8,3,pv,6283.99,1789500689
stressng_fork,confirm,8,4,ivh,7007.05,1789500704
stressng_futex,confirm,4,1,ivh,340875.20,1789500766
stressng_futex,confirm,4,2,pv,307328.18,1789500782
stressng_futex,confirm,4,3,pv,277875.59,1789500797
stressng_futex,confirm,4,4,ivh,335800.28,1789500812
stressng_futex,confirm,5,1,pv,327781.08,1789500921
stressng_futex,confirm,5,2,ivh,342479.50,1789500936
stressng_futex,confirm,5,3,ivh,337837.74,1789500951
stressng_futex,confirm,5,4,pv,305903.24,1789500966
stressng_futex,confirm,6,1,ivh,343909.60,1789501029
stressng_futex,confirm,6,2,pv,312895.67,1789501044
stressng_futex,confirm,6,3,pv,307993.72,1789501059
stressng_futex,confirm,6,4,ivh,331329.28,1789501074
stressng_futex,confirm,7,1,pv,322026.70,1789501136
stressng_futex,confirm,7,2,ivh,343738.98,1789501152
stressng_futex,confirm,7,3,ivh,350952.66,1789501167
stressng_futex,confirm,7,4,pv,321955.21,1789501182
stressng_futex,confirm,8,1,ivh,334234.98,1789501270
stressng_futex,confirm,8,2,pv,277208.48,1789501286
stressng_futex,confirm,8,3,pv,289609.12,1789501301
stressng_futex,confirm,8,4,ivh,326395.73,1789501316
perf_syscall_basic,confirm,4,1,ivh,10488175,1789501366
perf_syscall_basic,confirm,4,2,pv,9444446,1789501369
perf_syscall_basic,confirm,4,3,pv,9435885,1789501373
perf_syscall_basic,confirm,4,4,ivh,10453865,1789501375
perf_syscall_basic,confirm,5,1,pv,9957554,1789501425
perf_syscall_basic,confirm,5,2,ivh,10276485,1789501428
perf_syscall_basic,confirm,5,3,ivh,10482297,1789501431
perf_syscall_basic,confirm,5,4,pv,8974740,1789501435
perf_syscall_basic,confirm,6,1,ivh,10721714,1789501485
perf_syscall_basic,confirm,6,2,pv,9899575,1789501488
perf_syscall_basic,confirm,6,3,pv,10148190,1789501491
perf_syscall_basic,confirm,6,4,ivh,10584209,1789501494
perf_syscall_basic,confirm,7,1,pv,10086603,1789501544
perf_syscall_basic,confirm,7,2,ivh,10627395,1789501547
perf_syscall_basic,confirm,7,3,ivh,10784771,1789501549
perf_syscall_basic,confirm,7,4,pv,10099741,1789501552
perf_syscall_basic,confirm,8,1,ivh,10833590,1789501603
perf_syscall_basic,confirm,8,2,pv,10106281,1789501606
perf_syscall_basic,confirm,8,3,pv,9374660,1789501609
perf_syscall_basic,confirm,8,4,ivh,10151700,1789501612
wis_mmap1,confirm,4,1,ivh,300417,1789501680
wis_mmap1,confirm,4,2,pv,243026,1789501701
wis_mmap1,confirm,4,3,pv,249604,1789501723
wis_mmap1,confirm,4,4,ivh,273216,1789501744
wis_mmap1,confirm,5,1,pv,261868,1789501812
wis_mmap1,confirm,5,2,ivh,282101,1789501833
wis_mmap1,confirm,5,3,ivh,273023,1789501854
wis_mmap1,confirm,5,4,pv,241124,1789501876
wis_mmap1,confirm,6,1,ivh,302346,1789501944
wis_mmap1,confirm,6,2,pv,258986,1789501965
wis_mmap1,confirm,6,3,pv,248800,1789501986
wis_mmap1,confirm,6,4,ivh,264230,1789502007
wis_mmap1,confirm,7,1,pv,239448,1789502076
wis_mmap1,confirm,7,2,ivh,271296,1789502097
wis_mmap1,confirm,7,3,ivh,268635,1789502118
wis_mmap1,confirm,7,4,pv,247075,1789502139
wis_mmap1,confirm,8,1,ivh,272372,1789502213
wis_mmap1,confirm,8,2,pv,270486,1789502234
wis_mmap1,confirm,8,3,pv,247373,1789502255
wis_mmap1,confirm,8,4,ivh,284991,1789502276
wis_mmap2,confirm,4,1,ivh,379342,1789502344
wis_mmap2,confirm,4,2,pv,322346,1789502366
wis_mmap2,confirm,4,3,pv,340706,1789502387
wis_mmap2,confirm,4,4,ivh,381646,1789502408
wis_mmap2,confirm,5,1,pv,322499,1789502476
wis_mmap2,confirm,5,2,ivh,352650,1789502497
wis_mmap2,confirm,5,3,ivh,356351,1789502519
wis_mmap2,confirm,5,4,pv,321368,1789502540
wis_mmap2,confirm,6,1,ivh,359307,1789502608
wis_mmap2,confirm,6,2,pv,319356,1789502629
wis_mmap2,confirm,6,3,pv,326617,1789502651
wis_mmap2,confirm,6,4,ivh,363898,1789502672
wis_mmap2,confirm,7,1,pv,318566,1789502740
wis_mmap2,confirm,7,2,ivh,368824,1789502761
wis_mmap2,confirm,7,3,ivh,384191,1789502782
wis_mmap2,confirm,7,4,pv,344700,1789502803
wis_mmap2,confirm,8,1,ivh,372152,1789502877
wis_mmap2,confirm,8,2,pv,364568,1789502898
wis_mmap2,confirm,8,3,pv,319896,1789502920
wis_mmap2,confirm,8,4,ivh,349427,1789502941
schbench,confirm,4,1,ivh,3367.47,1789503003
schbench,confirm,4,2,pv,2941.53,1789503018
schbench,confirm,4,3,pv,3135.13,1789503033
schbench,confirm,4,4,ivh,3348.47,1789503048
schbench,confirm,5,1,pv,3193.53,1789503116
schbench,confirm,5,2,ivh,3362.67,1789503131
schbench,confirm,5,3,ivh,3343.60,1789503146
schbench,confirm,5,4,pv,3152.87,1789503161
schbench,confirm,6,1,ivh,3410.87,1789503224
schbench,confirm,6,2,pv,3162.20,1789503239
schbench,confirm,6,3,pv,3130.33,1789503254
schbench,confirm,6,4,ivh,3385.20,1789503269
schbench,confirm,7,1,pv,3147.93,1789503331
schbench,confirm,7,2,ivh,3415.73,1789503346
schbench,confirm,7,3,ivh,3406.53,1789503361
schbench,confirm,7,4,pv,3178.20,1789503376
schbench,confirm,8,1,ivh,3387.20,1789503444
schbench,confirm,8,2,pv,3193.73,1789503459
schbench,confirm,8,3,pv,3163.13,1789503475
schbench,confirm,8,4,ivh,3346.80,1789503490
